-- phpMyAdmin SQL Dump
-- version 4.8.3
-- https://www.phpmyadmin.net/
--
-- Host: localhost:3306
-- Generation Time: Jan 25, 2019 at 08:32 AM
-- Server version: 10.2.21-MariaDB
-- PHP Version: 7.2.7

SET SQL_MODE = "NO_AUTO_VALUE_ON_ZERO";
SET AUTOCOMMIT = 0;
START TRANSACTION;
SET time_zone = "+00:00";


/*!40101 SET @OLD_CHARACTER_SET_CLIENT=@@CHARACTER_SET_CLIENT */;
/*!40101 SET @OLD_CHARACTER_SET_RESULTS=@@CHARACTER_SET_RESULTS */;
/*!40101 SET @OLD_COLLATION_CONNECTION=@@COLLATION_CONNECTION */;
/*!40101 SET NAMES utf8mb4 */;

--
-- Database: `ocbuy_db`
--

-- --------------------------------------------------------

--
-- Table structure for table `blogs`
--

CREATE TABLE `blogs` (
  `id` int(11) NOT NULL,
  `post_type` enum('blog','page') NOT NULL,
  `title` text NOT NULL,
  `slug` text NOT NULL,
  `description` text NOT NULL,
  `content` text NOT NULL,
  `image` text NOT NULL,
  `status` int(1) NOT NULL DEFAULT 1,
  `created_at` datetime NOT NULL,
  `updated_at` datetime DEFAULT NULL
) ENGINE=InnoDB DEFAULT CHARSET=latin1;

--
-- Dumping data for table `blogs`
--

INSERT INTO `blogs` (`id`, `post_type`, `title`, `slug`, `description`, `content`, `image`, `status`, `created_at`, `updated_at`) VALUES
(9, 'page', 'Terms and Conditions', 'terms-and-conditions', '', '<p class=\"MsoNormal\"><b>Terms of Service</b></p>\r\n\r\n\r\n\r\n<p class=\"MsoNormal\">Agreement between User and <span class=\"MsoHyperlink\"><b style=\"mso-bidi-font-weight:normal\"><span style=\"font-family:Montserrat\"><a href=\"http://www.ocbuyback.com\">www.ocbuyback.com</a></span></b></span></p>\r\n\r\n<p class=\"MsoNormal\">Welcome to <span class=\"MsoHyperlink\"><span style=\"font-family:\r\nMontserrat\"><a href=\"http://www.ocbuyback.com\">www.ocbuyback.com</a></span></span>. The <span class=\"MsoHyperlink\"><span style=\"font-family:Montserrat\"><a href=\"http://www.ocbuyback.com\">www.ocbuyback.com</a></span></span> website (the “Site”) is comprised of various<span style=\"mso-spacerun:yes\">&nbsp; </span>web pages operated by HCJ, Inc (“OCBuyBack”). <span class=\"MsoHyperlink\"><span style=\"font-family:Montserrat\"><a href=\"http://www.ocbuyback.com\">www.ocbuyback.com</a></span></span> is offered to you conditioned on your acceptance without modification of the terms, conditions, and notices contained herein (the “Terms”). Your use of <span class=\"MsoHyperlink\"><span style=\"font-family:Montserrat\"><a href=\"http://www.ocbuyback.com\">www.ocbuyback.com</a></span></span> constitutes your agreement to all such Terms. Please read these terms carefully and keep a copy of them for your reference.</p>\r\n\r\n\r\n\r\n<p class=\"MsoNormal\"><span class=\"MsoHyperlink\"><span style=\"font-family:Montserrat\"><a href=\"http://www.ocbuyback.com\">www.ocbuyback.com</a></span></span> is an Electronic Buy Back Site.</p>\r\n\r\n\r\n\r\n<p class=\"MsoNormal\">Our Website allows individuals to sell their used cell phones, iPhones, tablets, iPads, iWatches, Google &amp; Microsoft devices to us. Upon receipt of the Device(s) and verification of its condition, we will pay the Device(s) owner for the Device(s) in the form of PayPal, check or cash (local pickup only for cash). Please see our Website for additional terms and conditions relating to the sale and purchase of Device(s). If you are under the age of 18, you must obtain your parent’s permission to submit Device(s) to us and to become a registered user.</p>\r\n\r\n\r\n\r\n<p class=\"MsoNormal\">Buyer reserves the right to revoke the original Offer and provide a “Revised Offer” for the Device(s)if: (a) you indicated the Device is in the Like New or Good condition but it is not as described, and/or (b) you indicated the Device is in the Damaged condition but it is crushed, bent or has missing parts, and/or (c) you indicated a different model than that you sent to OCBuyBack, and/or (d) the Device is received in the mail more fourteen (14) days after you accepted the original Offer. In the event OCBuyback provides you with a Revised Offer, you shall have the option of accepting or rejecting the Revised Offer. You will have seven (7) calendar days after OCBuyback sends the Revised Offer via e-mail to the e-mail address you provided to accept or reject the Revised Offer via e-mail or phone response. If you accept the Revised Offer, you will be paid as requested in the order. If you reject the Revised Offer, the Device will be returned to the mailing address you provided on the Website during checkout free of charge. If the Revised Offer is neither affirmatively accepted nor rejected by you during the seven (7) calendar day period, OCBuyback will consider the Revised Offer to have been accepted by you and you will be issued payment for the Revised Offer price within two (1) business day.</p>\r\n\r\n\r\n\r\n<p class=\"MsoNormal\"><b><span style=\"font-size:12.0pt;line-height:107%\">Privacy</span></b></p>\r\n\r\n<p class=\"MsoNormal\">Your use of <span class=\"MsoHyperlink\"><span style=\"font-family:\r\nMontserrat\"><a href=\"http://www.ocbuyback.com\">www.ocbuyback.com</a></span></span> is subject to OCBuyBack’s Privacy Policy. Please review our Privacy Policy, which also governs the Site and informs users of our data collection practices.<span style=\"font-size:10.0pt;line-height:107%;mso-bidi-font-family:Arial;color:#212529;\r\nbackground:white\"> OCBuyback protects the privacy of the persons who use its website. OCBuyback does collect information about you when you open an OCBuyback account and/or use the OCBuyback website and Services. You agree that we may collect and use such information in accordance with the OCBuyback Privacy Policy, which you can review at <a href=\"http://www.ocbuyback.com/privacy-policy\" target=\"_blank\">www.ocbuyback.com/privacy-policy</a>. Please do not use our website or services if you do not agree to the terms and conditions in the OCBuyback Privacy Policy.</span></p>\r\n\r\n\r\n\r\n<p class=\"MsoNormal\"><span style=\"font-size:10.0pt;line-height:107%;mso-bidi-font-family:\r\nArial;color:#212529\">Personal Data. The Seller is solely responsible for any personal, financial and sensitive information stored in the Device(s), including all accessories. It is the Seller’s responsibility to delete all personal, financial and sensitive information from the Device(s) that may contain data before being submitted to the Company. The Seller understands that the Company is not responsible for removing data from the Device(s) and cannot guarantee that all data left on the Goods will be deleted. By the Seller releasing title of the Device(s) to the Company, the Seller agrees to release the Company from any claim as to the Device(s), the data stored in such Device(s), or any data on any media or other accessories used in conjunction with the Device(s), or for such data’s security, integrity, confidentiality, disclosure or use. The Company is not responsible for any loss suffered by the Seller due to any data that is not erased or removed from the Device(s).</span></p>\r\n\r\n<p class=\"MsoNormal\"><span style=\"font-size:10.0pt;line-height:107%;mso-bidi-font-family:\r\nArial;color:#212529\">Final Sale- Transfer of Title and Risk of Loss: The Seller agrees that the sale of the Device(s) to OCBuyback is final once payment is made by delivery of the payment to the Seller. The title to the Device(s) passes to OCBuyback upon such delivery of the payment to the Seller. Neither the Device(s) nor any data stored thereon can be returned to the Seller after the payment has been so delivered to the Seller. The risk of loss for, and title to, the payment pass to the Seller upon such delivery of the payment. OCBuyback is not responsible for any lost or stolen payments.</span></p>\r\n\r\n\r\n\r\n<p class=\"MsoNormal\"><b><span style=\"font-size:12.0pt;line-height:107%\">Electronic Communications</span></b></p>\r\n\r\n<p class=\"MsoNormal\">Visiting <span class=\"MsoHyperlink\"><span style=\"font-family:\r\nMontserrat\"><a href=\"http://www.ocbuyback.com\">www.ocbuyback.com</a></span></span> or sending emails to OCBuyBack constitutes electronic communications. You consent to receive electronic communications and you agree that all agreements, notices, disclosures and other communications that we provide to you electronically, via email and on the Site, satisfy any legal requirement that such communications be in writing.</p>\r\n\r\n\r\n\r\n<p class=\"MsoNormal\"><b><span style=\"font-size:12.0pt;line-height:107%\">Your Account</span></b></p>\r\n\r\n<p class=\"MsoNormal\">If you use this site, you are responsible for maintaining the confidentiality of your account and password and for restricting access to your computer, and you agree to accept responsibility for all activities that occur under your account or password. You may not assign or otherwise transfer your account to any other person or entity. You acknowledge that OCBuyBack is not responsible for a third party access to your account that results from theft or misappropriation of your account. OCBuyBack and its associates reserve the right to refuse or cancel service, terminate accounts, or remove or edit content in our sole discretion.</p>\r\n\r\n\r\n\r\n<p class=\"MsoNormal\"><b><span style=\"font-size:12.0pt;line-height:107%\">Children Under Thirteen</span></b></p>\r\n\r\n<p class=\"MsoNormal\">OCBuyBack does not knowingly collect, either online or offline, personal information from persons under the age of thirteen. If you are under 18, you may use <span class=\"MsoHyperlink\"><span style=\"font-family:\r\nMontserrat\"><a href=\"http://www.ocbuyback.com\">www.ocbuyback.com</a></span></span> only with permission of a parent or guardian.</p>\r\n\r\n\r\n\r\n<p class=\"MsoNormal\"><b>Termination/Access Restriction</b></p>\r\n\r\n<p class=\"MsoNormal\">OCBuyBack reserves the right, in its sole discretion, to terminate your access to the site and the related services or any portion thereof at any time, without notice. To the maximum extent permitted by law, this agreement is governed by the laws of the state of California and you hereby consent to the exclusive jurisdiction and venue of courts in California in all disputes arising out of or relating to the use of the Site. Use of the Site is unauthorized in any jurisdiction that does not give effect to all provisions of these Terms, including, without limitation, this section.</p>\r\n\r\n\r\n\r\n<p class=\"MsoNormal\"><b>Links to Third Party Site/ Third Party Services</b></p>\r\n\r\n<p class=\"MsoNormal\"><span class=\"MsoHyperlink\"><span style=\"font-family:Montserrat\"><a href=\"http://www.ocbuyback.com\">www.ocbuyback.com</a></span></span> may contain links to other websites (“Linked Sites”). The Linked Sites are not under the control of OCBuyBack and OCBuyBack is not responsible for the contents of any Linked Site, including without limitation any link contained in a Linked Site, or any changes or update to a Linked Site. OCBuyBack is providing these links to you only as a convenience, and the inclusion of any link does not imply endorsement by OCBuyBack of the site or any association with its operators.</p>\r\n\r\n\r\n\r\n<p class=\"MsoNormal\">Certain services made available via <span class=\"MsoHyperlink\"><span style=\"font-family:Montserrat\"><a href=\"http://www.ocbuyback.com\">www.ocbuyback.com</a></span></span> are delivered by third party sites and organizations. By using any product, service or functionality originating from the <span class=\"MsoHyperlink\"><span style=\"font-family:Montserrat\"><a href=\"http://www.ocbuyback.com\">www.ocbuyback.com</a></span></span> domain, you hereby acknowledge and consent that OCBuyBack may share such information and data with any third party with whom OCBuyBack has a contractual relationship to provide the requested product, service or functionality on behalf of <span class=\"MsoHyperlink\"><span style=\"font-family:Montserrat\"><a href=\"http://www.ocbuyback.com\">www.ocbuyback.com</a></span></span> users and customers.</p>\r\n\r\n\r\n\r\n<p class=\"MsoNormal\"><b>No Unlawful or Prohibited Use/Intellectual Property</b></p>\r\n\r\n<p class=\"MsoNormal\">You are granted a non-exclusive non-transferable, revocable license to access and use <span class=\"MsoHyperlink\"><span style=\"font-family:\r\nMontserrat\"><a href=\"http://www.ocbuyback.com\">www.ocbuyback.com</a></span></span> strictly in accordance with these terms of use. As a condition of your use of the Site, you warrant to OCBuyBack that you will not use the Site for any purpose that is unlawful or prohibited by these Terms. You may not use the Site in any manner which could damage, disable, overburden, or impair the Site or interfere with any other party’s use and enjoyment of the Site. You may not obtain or attempt to obtain any material or information through any means not intentionally made available or provided for through the Site.</p>\r\n\r\n\r\n\r\n<p class=\"MsoNormal\">All content included as part of the Service, such as text, graphics, logos, images, as well as the compilation thereof, and any software used on the Site, is the property of OCBuyBack or its suppliers and protected by copyright and other laws that protect intellectual property and proprietary rights. You agree to observe and abide by the copyright and other proprietary notices, legends or other restrictions contained in any such content and will not make any change thereto.</p>\r\n\r\n\r\n\r\n<p class=\"MsoNormal\">You will not modify, publish, transmit, reverse engineer, participate in the transfer or sale, create derivative works, or in any way exploit any of the content, in whole or in part, found on the Site. OCBuyBack content is not for resale. Your use of the Site does not entitle you to make any unauthorized use of any protected content, and in particular, you will not delete or alter any proprietary rights or attribution notices in any content. You will use protected content solely for your personal use and will make no other use of the content without the express written permission of OCBuyBack and the copyright owner. You agree that you do not acquire any ownership rights in any protected content. We do not grant you any license, express or implied, to the intellectual property of OCBuyBack or our licensors except as expressly authorized by these Terms.</p>\r\n\r\n\r\n\r\n<p class=\"MsoNormal\"><b>Third Party Accounts</b></p>\r\n\r\n<p class=\"MsoNormal\">You will be able to connect your OCBuyBack account to third party accounts. By connecting your OCBuyBack account to your third-party account, you acknowledge and agree that you are consenting to the continuous release of information about you to others (in accordance with your privacy settings on those third-party sites). If you do not want information about you to be shared in this manner, do not use this feature.</p>\r\n\r\n\r\n\r\n<p class=\"MsoNormal\"><b>International Users</b></p>\r\n\r\n<p class=\"MsoNormal\">The Service is controlled, operated and administered by OCBuyBack from our offices within the USA. If you access the service from a location outside the USA, you are responsible for compliance with all local laws. You agree that you will not use the OCBuyBack Content accessed through <span class=\"MsoHyperlink\"><span style=\"font-family:Montserrat\"><a href=\"http://www.ocbuyback.com\">www.ocbuyback.com</a></span></span> in any country or in any manner prohibited by any applicable laws, restrictions or regulations.</p>\r\n\r\n\r\n\r\n<p class=\"MsoNormal\"><b>Indemnification</b></p>\r\n\r\n<p class=\"MsoNormal\">You agree to indemnify, defend and hold harmless OCBuyBack, its officers, directors, employees, agents and third parties, for any losses, costs, liabilities and expenses (including reasonable attorney’s fees) relating to or arising out of your use of or inability to use the Site or services, any user postings made by you, your violation of any terms of this Agreement or your violation of any rights of a third party, or your violation of any applicable laws, rules or regulations. OCBuyBack reserves the right, at its own cost, to assume the exclusive defense and control of any matter otherwise subject to indemnification by you, in which event you will fully cooperate with OCBuyBack in asserting any available defenses.</p>\r\n\r\n\r\n\r\n<p class=\"MsoNormal\"><b><span style=\"font-size:10.0pt;line-height:107%;mso-bidi-font-family:\r\nArial;color:#212529\">Liability Disclaimer</span></b></p>\r\n\r\n<p class=\"MsoNormal\"><span style=\"font-size:10.0pt;line-height:107%;mso-bidi-font-family:\r\nArial;color:#212529\">THE INFORMATION, SOFTWARE, PRODUCTS, AND SERVICES INCLUDED IN OR AVAILABLE THROUGH THE SITE MAY INCLUDE INACCURACIES OR TYPOGRAPHICAL ERRORS. CHANGES ARE PERIODICALLY ADDED TO THE INFORMATION HEREIN. HCJ, INC AND/OR ITS SUPPLIERS MAY MAKE IMPROVEMENTS AND/OR CHANGES IN THE SITE AT ANY TIME.</span></p>\r\n\r\n<p class=\"MsoNormal\"><span style=\"font-size:10.0pt;line-height:107%;mso-bidi-font-family:\r\nArial;color:#212529\">TO THE MAXIMUM EXTENT PERMITTED BY APPLICABLE LAW, IN NO EVENT SHALL HCJ, INC AND/OR ITS SUPPLIERS BE LIABLE FOR ANY DIRECT, INDIRECT, PUNITIVE, INCIDENTAL, SPECIAL, CONSEQUENTIAL DAMAGES OR ANY DAMAGES WHATSOEVER INCLUDING, WITHOUT LIMITATION, DAMAGES FOR LOSS OF USE, DATA OR PROFITS, ARISING OUT OF OR IN ANY WAY CONNECTED WITH THE USE OR PERFORMANCE EOF THE SITE, WITH THE DELAY OR INABILITY TO USE THE SITE OR RELATED SERVICES, THE PROVISION OR OF FAILURE TO PROVIDE SERVICES, OR FOR ANY INFORMATION, SOFTWARE, PRODUCTS, SERVICES AND RELATED GRAPHICS OBTAINED THROUGH THE SITE OR OTHERWISE ARISING OUT OF THE USE OF THE SITE, WHETHER BASED ON CONTRACT, TORT, NEGLIGENCE, STRICT LIABILITY OF OTHERWISE, EVEN IF HCJ, INC OR ANY OF ITS SUPPLIERS HAS BEEN ADVISED OF THE POSSIBILITY OF DAMAGES. BECAUSE SOME STATES/JURISDICTIONS DO NOT ALLOW THE EXCLUSION OR LIMITATION OF LIABILITY FOR CONSEQUENTIAL OR INCIDENTAL DAMAGES, THE ABOVE LIMITATION MAY NOT APPLY TO YOU. IF YOU ARE DISSATISFIED WITH ANY PORTION OF THE SITE OR WITH ANY OF THESE TERMS OF USE, YOUR SOLE AND EXCLUSIVE REMEDY IS TO DISCONTINUE USING THE SITE. </span></p>\r\n\r\n<p class=\"MsoNormal\"><span style=\"font-size:10.0pt;line-height:107%;mso-bidi-font-family:\r\nArial;color:#212529\">YOUR USE OF THE WEBSITE AND RECEIPT OF PRODUCTS AND/OR SERVICES IS AT YOUR OWN RISK. IN NO EVENT SHALL WE OR ANY THIRD PARTY PROVIDER OR ANY OF OUR OR THEIR RESPECTIVE AFFILIATES, OFFICERS, DIRECTORS, EMPLOYEES, AGENTS OR LICENSORS BE LIABLE FOR ANY CLAIM ARISING OUT OF OR RELATING TO THE WEBSITE, THE SERVICES, THE PRODUCTS, THE CONTENT, OR USER CONTENT, WHETHER BASED IN CONTRACT, TORT, NEGLIGENCE, STRICT LIABILITY OR OTHERWISE, INCLUDING, BUT NOT LIMITED TO, ANY DECISION OR ACTION TAKEN IN RELIANCE UPON ANY CONTENT, ANY DELAYS, ERRORS, OMISSIONS OR INTERRUPTIONS IN DELIVERY, NEGLIGENCE, ACTS OF GOD, TELECOMMUNICATIONS FAILURE, THEFT OR DESTRUCTION OF, OR UNAUTHORIZED ACCESS TO THE WEBSITE OR THE CONTENT, OR FOR ANY TYPES OF DAMAGES OR LIABILITY, EVEN IF ADVISED OF THE POSSIBILITY OF SUCH DAMAGES.</span></p>\r\n\r\n\r\n\r\n<p class=\"MsoNormal\"><span style=\"font-size:10.0pt;line-height:107%;mso-bidi-font-family:\r\nArial;color:#212529\">OCBuyback will have no liability for any item while in transit or otherwise in the possession or custody of any party other than OCBuyback, including, without limitation, any common postal carrier, customs authority or postal or delivery space. You bear the risk of loss until OCBuyback receives and acknowledges receipt and verification of your item(s), even if you send items in shipping materials provided by OCBuyback.</span></p>\r\n\r\n\r\n\r\n<p class=\"MsoNormal\"><span style=\"font-size:10.0pt;line-height:107%;mso-bidi-font-family:\r\nArial;color:#212529\">OCBuyback reserves the right, in its sole discretion, to reject delivery of any prepaid mailing kit, mail, envelope, package or other material that appears damaged, opened or tampered with. Any such rejected material will be returned to you and OCBuyback will have no liability for any such attempted delivery or return of any item(s).</span></p>\r\n\r\n\r\n\r\n<p class=\"MsoNormal\">Exclusion of Consequential Damages; Further Limitation of Liability. IN NO EVENT SHALL WE OR ANY THIRD PARTY PROVIDER OR ANY OF OUR OR THEIR RESPECTIVE AFFILIATES, OFFICERS, DIRECTORS, EMPLOYEES, AGENTS OR LICENSORS BE LIABLE TO YOU OR TO ANYONE ELSE FOR ANY DIRECT, SPECIAL, INCIDENTAL, INDIRECT, PUNITIVE, CONSEQUENTIAL DAMAGES OR ANY OTHER LOSS OR INJURY CAUSED IN WHOLE OR IN PART IN RELATION TO THE WEBSITE, THE SERVICES, THE PRODUCTS, THE CONTENT OR THE USER CONTENT. SOME JURISDICTIONS DO NOT ALLOW THE EXCLUSION OF CERTAIN WARRANTIES OR THE LIMITATION OR EXCLUSION OF LIABILITY FOR INCIDENTAL OR CONSEQUENTIAL DAMAGES. ACCORDINGLY, SOME OF THE ABOVE LIMITATIONS IN THE “DISCLAIMER OF WARRANTIES” AND “DISCLAIMER OF LIABILITY” SECTIONS MAY NOT APPLY TO YOU. IN THOSE CIRCUMSTANCES, AS WELL AS ANY OTHER WHERE LIABILITY OCCURS, YOU ACKNOWLEDGE THAT THE ENTIRE LIABILITY OF OCBUYBACK UNDER THIS TOS, OR ANY MATTER RELATING TO THIS TOS, REGARDLESS OF THE FORM OF ANY CLAIM OR ACTION OR THEORY OF LIABILITY (INCLUDING CONTRACT, TORT, OR WARRANTY) SHALL NOT EXCEED ONE HUNDRED DOLLARS ($100) AND THAT AMOUNT SHALL BE IN LIEU OF ALL OTHER REMEDIES WHICH YOU MAY HAVE AGAINST US AND ANY AFFILIATED PARTY.</p>\r\n\r\n\r\n\r\n<p class=\"MsoNormal\"><b><span style=\"font-size:10.0pt;line-height:107%;mso-bidi-font-family:\r\nArial;color:#212529\">Changes to Terms</span></b></p>\r\n\r\n<p class=\"MsoNormal\"><span style=\"font-size:10.0pt;line-height:107%;mso-bidi-font-family:\r\nArial;color:#212529\">OCBuyBack reserves the right, in its sole discretion, to change the Terms under which </span><span class=\"MsoHyperlink\"><span style=\"font-size:10.0pt;line-height:107%;font-family:Montserrat;mso-bidi-font-family:\r\nArial\"><a href=\"http://www.ocbuyback.com\">www.ocbuyback.com</a></span></span><span style=\"font-size:10.0pt;line-height:107%;mso-bidi-font-family:Arial;color:#212529\"> is offered. The most current version of the Terms will supersede all previous versions. OCBuyBack encourages you to periodically review the Terms to stay informed of our updates. </span></p>\r\n\r\n\r\n\r\n<p class=\"MsoNormal\"><b><span style=\"font-size:10.0pt;line-height:107%;mso-bidi-font-family:\r\nArial;color:#212529\">Contact US</span></b></p>\r\n\r\n<p class=\"MsoNormal\"><span style=\"font-size:10.0pt;line-height:107%;mso-bidi-font-family:\r\nArial;color:#212529\">OCBuyBack welcomes your questions or commnets regarding the Terms: </span></p>\r\n\r\n<p class=\"MsoNormal\"><span style=\"font-size:10.0pt;line-height:107%;mso-bidi-font-family:\r\nArial;color:#212529\">&nbsp;</span></p>\r\n\r\n<p class=\"MsoNormal\"><span style=\"font-size:10.0pt;line-height:107%;mso-bidi-font-family:\r\nArial;color:#212529\">HCJ, Inc</span></p>\r\n\r\n<p class=\"MsoNormal\"><span style=\"font-size:10.0pt;line-height:107%;mso-bidi-font-family:\r\nArial;color:#212529\">126 Viking Ave</span></p>\r\n\r\n<p class=\"MsoNormal\"><span style=\"font-size:10.0pt;line-height:107%;mso-bidi-font-family:\r\nArial;color:#212529\">Brea, CA 92821</span></p>\r\n\r\n\r\n\r\n<p class=\"MsoNormal\"><span style=\"font-size:10.0pt;line-height:107%;mso-bidi-font-family:\r\nArial;color:#212529\">Email Address: </span></p>\r\n\r\n<p class=\"MsoNormal\"><span class=\"MsoHyperlink\"><span style=\"font-size:10.0pt;\r\nline-height:107%;font-family:Montserrat;mso-bidi-font-family:Arial\"><a href=\"mailto:support@ocbuyback.com\">support@ocbuyback.com</a></span></span><span style=\"font-size:10.0pt;line-height:107%;mso-bidi-font-family:Arial;color:#212529\"></span></p>\r\n\r\n\r\n\r\n<p class=\"MsoNormal\"><span style=\"font-size:10.0pt;line-height:107%;mso-bidi-font-family:\r\nArial;color:#212529\">Telephone number: </span></p>\r\n\r\n<p class=\"MsoNormal\"><span style=\"font-size:10.0pt;line-height:107%;mso-bidi-font-family:\r\nArial;color:#212529\">657-286-8274</span></p>\r\n\r\n<p class=\"MsoNormal\"><span style=\"font-size:10.0pt;line-height:107%;mso-bidi-font-family:\r\nArial;color:#212529\">Effective as of October 1, 2018</span></p>\r\n\r\n', '', 1, '2018-10-04 07:04:46', '2018-10-08 07:38:19');
INSERT INTO `blogs` (`id`, `post_type`, `title`, `slug`, `description`, `content`, `image`, `status`, `created_at`, `updated_at`) VALUES
(10, 'page', 'Privacy Policy', 'privacy-policy', '', '<p><!--[if gte mso 9]><xml>\r\n <o:OfficeDocumentSettings>\r\n  <o:AllowPNG></o:AllowPNG>\r\n </o:OfficeDocumentSettings>\r\n</xml><![endif]--><!--[if gte mso 9]><xml>\r\n <w:WordDocument>\r\n  <w:View>Normal</w:View>\r\n  <w:Zoom>0</w:Zoom>\r\n  <w:TrackMoves></w:TrackMoves>\r\n  <w:TrackFormatting></w:TrackFormatting>\r\n  <w:PunctuationKerning></w:PunctuationKerning>\r\n  <w:ValidateAgainstSchemas></w:ValidateAgainstSchemas>\r\n  <w:SaveIfXMLInvalid>false</w:SaveIfXMLInvalid>\r\n  <w:IgnoreMixedContent>false</w:IgnoreMixedContent>\r\n  <w:AlwaysShowPlaceholderText>false</w:AlwaysShowPlaceholderText>\r\n  <w:DoNotPromoteQF></w:DoNotPromoteQF>\r\n  <w:LidThemeOther>EN-US</w:LidThemeOther>\r\n  <w:LidThemeAsian>X-NONE</w:LidThemeAsian>\r\n  <w:LidThemeComplexScript>X-NONE</w:LidThemeComplexScript>\r\n  <w:Compatibility>\r\n   <w:BreakWrappedTables></w:BreakWrappedTables>\r\n   <w:SnapToGridInCell></w:SnapToGridInCell>\r\n   <w:WrapTextWithPunct></w:WrapTextWithPunct>\r\n   <w:UseAsianBreakRules></w:UseAsianBreakRules>\r\n   <w:DontGrowAutofit></w:DontGrowAutofit>\r\n   <w:SplitPgBreakAndParaMark></w:SplitPgBreakAndParaMark>\r\n   <w:EnableOpenTypeKerning></w:EnableOpenTypeKerning>\r\n   <w:DontFlipMirrorIndents></w:DontFlipMirrorIndents>\r\n   <w:OverrideTableStyleHps></w:OverrideTableStyleHps>\r\n  </w:Compatibility>\r\n  <m:mathPr>\r\n   <m:mathFont m:val=\"Cambria Math\"></m:mathFont>\r\n   <m:brkBin m:val=\"before\"></m:brkBin>\r\n   <m:brkBinSub m:val=\"--\"></m:brkBinSub>\r\n   <m:smallFrac m:val=\"off\"></m:smallFrac>\r\n   <m:dispDef></m:dispDef>\r\n   <m:lMargin m:val=\"0\"></m:lMargin>\r\n   <m:rMargin m:val=\"0\"></m:rMargin>\r\n   <m:defJc m:val=\"centerGroup\"></m:defJc>\r\n   <m:wrapIndent m:val=\"1440\"></m:wrapIndent>\r\n   <m:intLim m:val=\"subSup\"></m:intLim>\r\n   <m:naryLim m:val=\"undOvr\"></m:naryLim>\r\n  </m:mathPr></w:WordDocument>\r\n</xml><![endif]--><!--[if gte mso 9]><xml>\r\n <w:LatentStyles DefLockedState=\"false\" DefUnhideWhenUsed=\"false\"\r\n  DefSemiHidden=\"false\" DefQFormat=\"false\" DefPriority=\"99\"\r\n  LatentStyleCount=\"371\">\r\n  <w:LsdException Locked=\"false\" Priority=\"0\" QFormat=\"true\" Name=\"Normal\"></w:LsdException>\r\n  <w:LsdException Locked=\"false\" Priority=\"9\" QFormat=\"true\" Name=\"heading 1\"></w:LsdException>\r\n  <w:LsdException Locked=\"false\" Priority=\"9\" SemiHidden=\"true\"\r\n   UnhideWhenUsed=\"true\" QFormat=\"true\" Name=\"heading 2\"></w:LsdException>\r\n  <w:LsdException Locked=\"false\" Priority=\"9\" SemiHidden=\"true\"\r\n   UnhideWhenUsed=\"true\" QFormat=\"true\" Name=\"heading 3\"></w:LsdException>\r\n  <w:LsdException Locked=\"false\" Priority=\"9\" SemiHidden=\"true\"\r\n   UnhideWhenUsed=\"true\" QFormat=\"true\" Name=\"heading 4\"></w:LsdException>\r\n  <w:LsdException Locked=\"false\" Priority=\"9\" SemiHidden=\"true\"\r\n   UnhideWhenUsed=\"true\" QFormat=\"true\" Name=\"heading 5\"></w:LsdException>\r\n  <w:LsdException Locked=\"false\" Priority=\"9\" SemiHidden=\"true\"\r\n   UnhideWhenUsed=\"true\" QFormat=\"true\" Name=\"heading 6\"></w:LsdException>\r\n  <w:LsdException Locked=\"false\" Priority=\"9\" SemiHidden=\"true\"\r\n   UnhideWhenUsed=\"true\" QFormat=\"true\" Name=\"heading 7\"></w:LsdException>\r\n  <w:LsdException Locked=\"false\" Priority=\"9\" SemiHidden=\"true\"\r\n   UnhideWhenUsed=\"true\" QFormat=\"true\" Name=\"heading 8\"></w:LsdException>\r\n  <w:LsdException Locked=\"false\" Priority=\"9\" SemiHidden=\"true\"\r\n   UnhideWhenUsed=\"true\" QFormat=\"true\" Name=\"heading 9\"></w:LsdException>\r\n  <w:LsdException Locked=\"false\" SemiHidden=\"true\" UnhideWhenUsed=\"true\"\r\n   Name=\"index 1\"></w:LsdException>\r\n  <w:LsdException Locked=\"false\" SemiHidden=\"true\" UnhideWhenUsed=\"true\"\r\n   Name=\"index 2\"></w:LsdException>\r\n  <w:LsdException Locked=\"false\" SemiHidden=\"true\" UnhideWhenUsed=\"true\"\r\n   Name=\"index 3\"></w:LsdException>\r\n  <w:LsdException Locked=\"false\" SemiHidden=\"true\" UnhideWhenUsed=\"true\"\r\n   Name=\"index 4\"></w:LsdException>\r\n  <w:LsdException Locked=\"false\" SemiHidden=\"true\" UnhideWhenUsed=\"true\"\r\n   Name=\"index 5\"></w:LsdException>\r\n  <w:LsdException Locked=\"false\" SemiHidden=\"true\" UnhideWhenUsed=\"true\"\r\n   Name=\"index 6\"></w:LsdException>\r\n  <w:LsdException Locked=\"false\" SemiHidden=\"true\" UnhideWhenUsed=\"true\"\r\n   Name=\"index 7\"></w:LsdException>\r\n  <w:LsdException Locked=\"false\" SemiHidden=\"true\" UnhideWhenUsed=\"true\"\r\n   Name=\"index 8\"></w:LsdException>\r\n  <w:LsdException Locked=\"false\" SemiHidden=\"true\" UnhideWhenUsed=\"true\"\r\n   Name=\"index 9\"></w:LsdException>\r\n  <w:LsdException Locked=\"false\" Priority=\"39\" SemiHidden=\"true\"\r\n   UnhideWhenUsed=\"true\" Name=\"toc 1\"></w:LsdException>\r\n  <w:LsdException Locked=\"false\" Priority=\"39\" SemiHidden=\"true\"\r\n   UnhideWhenUsed=\"true\" Name=\"toc 2\"></w:LsdException>\r\n  <w:LsdException Locked=\"false\" Priority=\"39\" SemiHidden=\"true\"\r\n   UnhideWhenUsed=\"true\" Name=\"toc 3\"></w:LsdException>\r\n  <w:LsdException Locked=\"false\" Priority=\"39\" SemiHidden=\"true\"\r\n   UnhideWhenUsed=\"true\" Name=\"toc 4\"></w:LsdException>\r\n  <w:LsdException Locked=\"false\" Priority=\"39\" SemiHidden=\"true\"\r\n   UnhideWhenUsed=\"true\" Name=\"toc 5\"></w:LsdException>\r\n  <w:LsdException Locked=\"false\" Priority=\"39\" SemiHidden=\"true\"\r\n   UnhideWhenUsed=\"true\" Name=\"toc 6\"></w:LsdException>\r\n  <w:LsdException Locked=\"false\" Priority=\"39\" SemiHidden=\"true\"\r\n   UnhideWhenUsed=\"true\" Name=\"toc 7\"></w:LsdException>\r\n  <w:LsdException Locked=\"false\" Priority=\"39\" SemiHidden=\"true\"\r\n   UnhideWhenUsed=\"true\" Name=\"toc 8\"></w:LsdException>\r\n  <w:LsdException Locked=\"false\" Priority=\"39\" SemiHidden=\"true\"\r\n   UnhideWhenUsed=\"true\" Name=\"toc 9\"></w:LsdException>\r\n  <w:LsdException Locked=\"false\" SemiHidden=\"true\" UnhideWhenUsed=\"true\"\r\n   Name=\"Normal Indent\"></w:LsdException>\r\n  <w:LsdException Locked=\"false\" SemiHidden=\"true\" UnhideWhenUsed=\"true\"\r\n   Name=\"footnote text\"></w:LsdException>\r\n  <w:LsdException Locked=\"false\" SemiHidden=\"true\" UnhideWhenUsed=\"true\"\r\n   Name=\"annotation text\"></w:LsdException>\r\n  <w:LsdException Locked=\"false\" SemiHidden=\"true\" UnhideWhenUsed=\"true\"\r\n   Name=\"header\"></w:LsdException>\r\n  <w:LsdException Locked=\"false\" SemiHidden=\"true\" UnhideWhenUsed=\"true\"\r\n   Name=\"footer\"></w:LsdException>\r\n  <w:LsdException Locked=\"false\" SemiHidden=\"true\" UnhideWhenUsed=\"true\"\r\n   Name=\"index heading\"></w:LsdException>\r\n  <w:LsdException Locked=\"false\" Priority=\"35\" SemiHidden=\"true\"\r\n   UnhideWhenUsed=\"true\" QFormat=\"true\" Name=\"caption\"></w:LsdException>\r\n  <w:LsdException Locked=\"false\" SemiHidden=\"true\" UnhideWhenUsed=\"true\"\r\n   Name=\"table of figures\"></w:LsdException>\r\n  <w:LsdException Locked=\"false\" SemiHidden=\"true\" UnhideWhenUsed=\"true\"\r\n   Name=\"envelope address\"></w:LsdException>\r\n  <w:LsdException Locked=\"false\" SemiHidden=\"true\" UnhideWhenUsed=\"true\"\r\n   Name=\"envelope return\"></w:LsdException>\r\n  <w:LsdException Locked=\"false\" SemiHidden=\"true\" UnhideWhenUsed=\"true\"\r\n   Name=\"footnote reference\"></w:LsdException>\r\n  <w:LsdException Locked=\"false\" SemiHidden=\"true\" UnhideWhenUsed=\"true\"\r\n   Name=\"annotation reference\"></w:LsdException>\r\n  <w:LsdException Locked=\"false\" SemiHidden=\"true\" UnhideWhenUsed=\"true\"\r\n   Name=\"line number\"></w:LsdException>\r\n  <w:LsdException Locked=\"false\" SemiHidden=\"true\" UnhideWhenUsed=\"true\"\r\n   Name=\"page number\"></w:LsdException>\r\n  <w:LsdException Locked=\"false\" SemiHidden=\"true\" UnhideWhenUsed=\"true\"\r\n   Name=\"endnote reference\"></w:LsdException>\r\n  <w:LsdException Locked=\"false\" SemiHidden=\"true\" UnhideWhenUsed=\"true\"\r\n   Name=\"endnote text\"></w:LsdException>\r\n  <w:LsdException Locked=\"false\" SemiHidden=\"true\" UnhideWhenUsed=\"true\"\r\n   Name=\"table of authorities\"></w:LsdException>\r\n  <w:LsdException Locked=\"false\" SemiHidden=\"true\" UnhideWhenUsed=\"true\"\r\n   Name=\"macro\"></w:LsdException>\r\n  <w:LsdException Locked=\"false\" SemiHidden=\"true\" UnhideWhenUsed=\"true\"\r\n   Name=\"toa heading\"></w:LsdException>\r\n  <w:LsdException Locked=\"false\" SemiHidden=\"true\" UnhideWhenUsed=\"true\"\r\n   Name=\"List\"></w:LsdException>\r\n  <w:LsdException Locked=\"false\" SemiHidden=\"true\" UnhideWhenUsed=\"true\"\r\n   Name=\"List Bullet\"></w:LsdException>\r\n  <w:LsdException Locked=\"false\" SemiHidden=\"true\" UnhideWhenUsed=\"true\"\r\n   Name=\"List Number\"></w:LsdException>\r\n  <w:LsdException Locked=\"false\" SemiHidden=\"true\" UnhideWhenUsed=\"true\"\r\n   Name=\"List 2\"></w:LsdException>\r\n  <w:LsdException Locked=\"false\" SemiHidden=\"true\" UnhideWhenUsed=\"true\"\r\n   Name=\"List 3\"></w:LsdException>\r\n  <w:LsdException Locked=\"false\" SemiHidden=\"true\" UnhideWhenUsed=\"true\"\r\n   Name=\"List 4\"></w:LsdException>\r\n  <w:LsdException Locked=\"false\" SemiHidden=\"true\" UnhideWhenUsed=\"true\"\r\n   Name=\"List 5\"></w:LsdException>\r\n  <w:LsdException Locked=\"false\" SemiHidden=\"true\" UnhideWhenUsed=\"true\"\r\n   Name=\"List Bullet 2\"></w:LsdException>\r\n  <w:LsdException Locked=\"false\" SemiHidden=\"true\" UnhideWhenUsed=\"true\"\r\n   Name=\"List Bullet 3\"></w:LsdException>\r\n  <w:LsdException Locked=\"false\" SemiHidden=\"true\" UnhideWhenUsed=\"true\"\r\n   Name=\"List Bullet 4\"></w:LsdException>\r\n  <w:LsdException Locked=\"false\" SemiHidden=\"true\" UnhideWhenUsed=\"true\"\r\n   Name=\"List Bullet 5\"></w:LsdException>\r\n  <w:LsdException Locked=\"false\" SemiHidden=\"true\" UnhideWhenUsed=\"true\"\r\n   Name=\"List Number 2\"></w:LsdException>\r\n  <w:LsdException Locked=\"false\" SemiHidden=\"true\" UnhideWhenUsed=\"true\"\r\n   Name=\"List Number 3\"></w:LsdException>\r\n  <w:LsdException Locked=\"false\" SemiHidden=\"true\" UnhideWhenUsed=\"true\"\r\n   Name=\"List Number 4\"></w:LsdException>\r\n  <w:LsdException Locked=\"false\" SemiHidden=\"true\" UnhideWhenUsed=\"true\"\r\n   Name=\"List Number 5\"></w:LsdException>\r\n  <w:LsdException Locked=\"false\" Priority=\"10\" QFormat=\"true\" Name=\"Title\"></w:LsdException>\r\n  <w:LsdException Locked=\"false\" SemiHidden=\"true\" UnhideWhenUsed=\"true\"\r\n   Name=\"Closing\"></w:LsdException>\r\n  <w:LsdException Locked=\"false\" SemiHidden=\"true\" UnhideWhenUsed=\"true\"\r\n   Name=\"Signature\"></w:LsdException>\r\n  <w:LsdException Locked=\"false\" Priority=\"1\" SemiHidden=\"true\"\r\n   UnhideWhenUsed=\"true\" Name=\"Default Paragraph Font\"></w:LsdException>\r\n  <w:LsdException Locked=\"false\" SemiHidden=\"true\" UnhideWhenUsed=\"true\"\r\n   Name=\"Body Text\"></w:LsdException>\r\n  <w:LsdException Locked=\"false\" SemiHidden=\"true\" UnhideWhenUsed=\"true\"\r\n   Name=\"Body Text Indent\"></w:LsdException>\r\n  <w:LsdException Locked=\"false\" SemiHidden=\"true\" UnhideWhenUsed=\"true\"\r\n   Name=\"List Continue\"></w:LsdException>\r\n  <w:LsdException Locked=\"false\" SemiHidden=\"true\" UnhideWhenUsed=\"true\"\r\n   Name=\"List Continue 2\"></w:LsdException>\r\n  <w:LsdException Locked=\"false\" SemiHidden=\"true\" UnhideWhenUsed=\"true\"\r\n   Name=\"List Continue 3\"></w:LsdException>\r\n  <w:LsdException Locked=\"false\" SemiHidden=\"true\" UnhideWhenUsed=\"true\"\r\n   Name=\"List Continue 4\"></w:LsdException>\r\n  <w:LsdException Locked=\"false\" SemiHidden=\"true\" UnhideWhenUsed=\"true\"\r\n   Name=\"List Continue 5\"></w:LsdException>\r\n  <w:LsdException Locked=\"false\" SemiHidden=\"true\" UnhideWhenUsed=\"true\"\r\n   Name=\"Message Header\"></w:LsdException>\r\n  <w:LsdException Locked=\"false\" Priority=\"11\" QFormat=\"true\" Name=\"Subtitle\"></w:LsdException>\r\n  <w:LsdException Locked=\"false\" SemiHidden=\"true\" UnhideWhenUsed=\"true\"\r\n   Name=\"Salutation\"></w:LsdException>\r\n  <w:LsdException Locked=\"false\" SemiHidden=\"true\" UnhideWhenUsed=\"true\"\r\n   Name=\"Date\"></w:LsdException>\r\n  <w:LsdException Locked=\"false\" SemiHidden=\"true\" UnhideWhenUsed=\"true\"\r\n   Name=\"Body Text First Indent\"></w:LsdException>\r\n  <w:LsdException Locked=\"false\" SemiHidden=\"true\" UnhideWhenUsed=\"true\"\r\n   Name=\"Body Text First Indent 2\"></w:LsdException>\r\n  <w:LsdException Locked=\"false\" SemiHidden=\"true\" UnhideWhenUsed=\"true\"\r\n   Name=\"Note Heading\"></w:LsdException>\r\n  <w:LsdException Locked=\"false\" SemiHidden=\"true\" UnhideWhenUsed=\"true\"\r\n   Name=\"Body Text 2\"></w:LsdException>\r\n  <w:LsdException Locked=\"false\" SemiHidden=\"true\" UnhideWhenUsed=\"true\"\r\n   Name=\"Body Text 3\"></w:LsdException>\r\n  <w:LsdException Locked=\"false\" SemiHidden=\"true\" UnhideWhenUsed=\"true\"\r\n   Name=\"Body Text Indent 2\"></w:LsdException>\r\n  <w:LsdException Locked=\"false\" SemiHidden=\"true\" UnhideWhenUsed=\"true\"\r\n   Name=\"Body Text Indent 3\"></w:LsdException>\r\n  <w:LsdException Locked=\"false\" SemiHidden=\"true\" UnhideWhenUsed=\"true\"\r\n   Name=\"Block Text\"></w:LsdException>\r\n  <w:LsdException Locked=\"false\" SemiHidden=\"true\" UnhideWhenUsed=\"true\"\r\n   Name=\"Hyperlink\"></w:LsdException>\r\n  <w:LsdException Locked=\"false\" SemiHidden=\"true\" UnhideWhenUsed=\"true\"\r\n   Name=\"FollowedHyperlink\"></w:LsdException>\r\n  <w:LsdException Locked=\"false\" Priority=\"22\" QFormat=\"true\" Name=\"Strong\"></w:LsdException>\r\n  <w:LsdException Locked=\"false\" Priority=\"20\" QFormat=\"true\" Name=\"Emphasis\"></w:LsdException>\r\n  <w:LsdException Locked=\"false\" SemiHidden=\"true\" UnhideWhenUsed=\"true\"\r\n   Name=\"Document Map\"></w:LsdException>\r\n  <w:LsdException Locked=\"false\" SemiHidden=\"true\" UnhideWhenUsed=\"true\"\r\n   Name=\"Plain Text\"></w:LsdException>\r\n  <w:LsdException Locked=\"false\" SemiHidden=\"true\" UnhideWhenUsed=\"true\"\r\n   Name=\"E-mail Signature\"></w:LsdException>\r\n  <w:LsdException Locked=\"false\" SemiHidden=\"true\" UnhideWhenUsed=\"true\"\r\n   Name=\"HTML Top of Form\"></w:LsdException>\r\n  <w:LsdException Locked=\"false\" SemiHidden=\"true\" UnhideWhenUsed=\"true\"\r\n   Name=\"HTML Bottom of Form\"></w:LsdException>\r\n  <w:LsdException Locked=\"false\" SemiHidden=\"true\" UnhideWhenUsed=\"true\"\r\n   Name=\"Normal (Web)\"></w:LsdException>\r\n  <w:LsdException Locked=\"false\" SemiHidden=\"true\" UnhideWhenUsed=\"true\"\r\n   Name=\"HTML Acronym\"></w:LsdException>\r\n  <w:LsdException Locked=\"false\" SemiHidden=\"true\" UnhideWhenUsed=\"true\"\r\n   Name=\"HTML Address\"></w:LsdException>\r\n  <w:LsdException Locked=\"false\" SemiHidden=\"true\" UnhideWhenUsed=\"true\"\r\n   Name=\"HTML Cite\"></w:LsdException>\r\n  <w:LsdException Locked=\"false\" SemiHidden=\"true\" UnhideWhenUsed=\"true\"\r\n   Name=\"HTML Code\"></w:LsdException>\r\n  <w:LsdException Locked=\"false\" SemiHidden=\"true\" UnhideWhenUsed=\"true\"\r\n   Name=\"HTML Definition\"></w:LsdException>\r\n  <w:LsdException Locked=\"false\" SemiHidden=\"true\" UnhideWhenUsed=\"true\"\r\n   Name=\"HTML Keyboard\"></w:LsdException>\r\n  <w:LsdException Locked=\"false\" SemiHidden=\"true\" UnhideWhenUsed=\"true\"\r\n   Name=\"HTML Preformatted\"></w:LsdException>\r\n  <w:LsdException Locked=\"false\" SemiHidden=\"true\" UnhideWhenUsed=\"true\"\r\n   Name=\"HTML Sample\"></w:LsdException>\r\n  <w:LsdException Locked=\"false\" SemiHidden=\"true\" UnhideWhenUsed=\"true\"\r\n   Name=\"HTML Typewriter\"></w:LsdException>\r\n  <w:LsdException Locked=\"false\" SemiHidden=\"true\" UnhideWhenUsed=\"true\"\r\n   Name=\"HTML Variable\"></w:LsdException>\r\n  <w:LsdException Locked=\"false\" SemiHidden=\"true\" UnhideWhenUsed=\"true\"\r\n   Name=\"Normal Table\"></w:LsdException>\r\n  <w:LsdException Locked=\"false\" SemiHidden=\"true\" UnhideWhenUsed=\"true\"\r\n   Name=\"annotation subject\"></w:LsdException>\r\n  <w:LsdException Locked=\"false\" SemiHidden=\"true\" UnhideWhenUsed=\"true\"\r\n   Name=\"No List\"></w:LsdException>\r\n  <w:LsdException Locked=\"false\" SemiHidden=\"true\" UnhideWhenUsed=\"true\"\r\n   Name=\"Outline List 1\"></w:LsdException>\r\n  <w:LsdException Locked=\"false\" SemiHidden=\"true\" UnhideWhenUsed=\"true\"\r\n   Name=\"Outline List 2\"></w:LsdException>\r\n  <w:LsdException Locked=\"false\" SemiHidden=\"true\" UnhideWhenUsed=\"true\"\r\n   Name=\"Outline List 3\"></w:LsdException>\r\n  <w:LsdException Locked=\"false\" SemiHidden=\"true\" UnhideWhenUsed=\"true\"\r\n   Name=\"Table Simple 1\"></w:LsdException>\r\n  <w:LsdException Locked=\"false\" SemiHidden=\"true\" UnhideWhenUsed=\"true\"\r\n   Name=\"Table Simple 2\"></w:LsdException>\r\n  <w:LsdException Locked=\"false\" SemiHidden=\"true\" UnhideWhenUsed=\"true\"\r\n   Name=\"Table Simple 3\"></w:LsdException>\r\n  <w:LsdException Locked=\"false\" SemiHidden=\"true\" UnhideWhenUsed=\"true\"\r\n   Name=\"Table Classic 1\"></w:LsdException>\r\n  <w:LsdException Locked=\"false\" SemiHidden=\"true\" UnhideWhenUsed=\"true\"\r\n   Name=\"Table Classic 2\"></w:LsdException>\r\n  <w:LsdException Locked=\"false\" SemiHidden=\"true\" UnhideWhenUsed=\"true\"\r\n   Name=\"Table Classic 3\"></w:LsdException>\r\n  <w:LsdException Locked=\"false\" SemiHidden=\"true\" UnhideWhenUsed=\"true\"\r\n   Name=\"Table Classic 4\"></w:LsdException>\r\n  <w:LsdException Locked=\"false\" SemiHidden=\"true\" UnhideWhenUsed=\"true\"\r\n   Name=\"Table Colorful 1\"></w:LsdException>\r\n  <w:LsdException Locked=\"false\" SemiHidden=\"true\" UnhideWhenUsed=\"true\"\r\n   Name=\"Table Colorful 2\"></w:LsdException>\r\n  <w:LsdException Locked=\"false\" SemiHidden=\"true\" UnhideWhenUsed=\"true\"\r\n   Name=\"Table Colorful 3\"></w:LsdException>\r\n  <w:LsdException Locked=\"false\" SemiHidden=\"true\" UnhideWhenUsed=\"true\"\r\n   Name=\"Table Columns 1\"></w:LsdException>\r\n  <w:LsdException Locked=\"false\" SemiHidden=\"true\" UnhideWhenUsed=\"true\"\r\n   Name=\"Table Columns 2\"></w:LsdException>\r\n  <w:LsdException Locked=\"false\" SemiHidden=\"true\" UnhideWhenUsed=\"true\"\r\n   Name=\"Table Columns 3\"></w:LsdException>\r\n  <w:LsdException Locked=\"false\" SemiHidden=\"true\" UnhideWhenUsed=\"true\"\r\n   Name=\"Table Columns 4\"></w:LsdException>\r\n  <w:LsdException Locked=\"false\" SemiHidden=\"true\" UnhideWhenUsed=\"true\"\r\n   Name=\"Table Columns 5\"></w:LsdException>\r\n  <w:LsdException Locked=\"false\" SemiHidden=\"true\" UnhideWhenUsed=\"true\"\r\n   Name=\"Table Grid 1\"></w:LsdException>\r\n  <w:LsdException Locked=\"false\" SemiHidden=\"true\" UnhideWhenUsed=\"true\"\r\n   Name=\"Table Grid 2\"></w:LsdException>\r\n  <w:LsdException Locked=\"false\" SemiHidden=\"true\" UnhideWhenUsed=\"true\"\r\n   Name=\"Table Grid 3\"></w:LsdException>\r\n  <w:LsdException Locked=\"false\" SemiHidden=\"true\" UnhideWhenUsed=\"true\"\r\n   Name=\"Table Grid 4\"></w:LsdException>\r\n  <w:LsdException Locked=\"false\" SemiHidden=\"true\" UnhideWhenUsed=\"true\"\r\n   Name=\"Table Grid 5\"></w:LsdException>\r\n  <w:LsdException Locked=\"false\" SemiHidden=\"true\" UnhideWhenUsed=\"true\"\r\n   Name=\"Table Grid 6\"></w:LsdException>\r\n  <w:LsdException Locked=\"false\" SemiHidden=\"true\" UnhideWhenUsed=\"true\"\r\n   Name=\"Table Grid 7\"></w:LsdException>\r\n  <w:LsdException Locked=\"false\" SemiHidden=\"true\" UnhideWhenUsed=\"true\"\r\n   Name=\"Table Grid 8\"></w:LsdException>\r\n  <w:LsdException Locked=\"false\" SemiHidden=\"true\" UnhideWhenUsed=\"true\"\r\n   Name=\"Table List 1\"></w:LsdException>\r\n  <w:LsdException Locked=\"false\" SemiHidden=\"true\" UnhideWhenUsed=\"true\"\r\n   Name=\"Table List 2\"></w:LsdException>\r\n  <w:LsdException Locked=\"false\" SemiHidden=\"true\" UnhideWhenUsed=\"true\"\r\n   Name=\"Table List 3\"></w:LsdException>\r\n  <w:LsdException Locked=\"false\" SemiHidden=\"true\" UnhideWhenUsed=\"true\"\r\n   Name=\"Table List 4\"></w:LsdException>\r\n  <w:LsdException Locked=\"false\" SemiHidden=\"true\" UnhideWhenUsed=\"true\"\r\n   Name=\"Table List 5\"></w:LsdException>\r\n  <w:LsdException Locked=\"false\" SemiHidden=\"true\" UnhideWhenUsed=\"true\"\r\n   Name=\"Table List 6\"></w:LsdException>\r\n  <w:LsdException Locked=\"false\" SemiHidden=\"true\" UnhideWhenUsed=\"true\"\r\n   Name=\"Table List 7\"></w:LsdException>\r\n  <w:LsdException Locked=\"false\" SemiHidden=\"true\" UnhideWhenUsed=\"true\"\r\n   Name=\"Table List 8\"></w:LsdException>\r\n  <w:LsdException Locked=\"false\" SemiHidden=\"true\" UnhideWhenUsed=\"true\"\r\n   Name=\"Table 3D effects 1\"></w:LsdException>\r\n  <w:LsdException Locked=\"false\" SemiHidden=\"true\" UnhideWhenUsed=\"true\"\r\n   Name=\"Table 3D effects 2\"></w:LsdException>\r\n  <w:LsdException Locked=\"false\" SemiHidden=\"true\" UnhideWhenUsed=\"true\"\r\n   Name=\"Table 3D effects 3\"></w:LsdException>\r\n  <w:LsdException Locked=\"false\" SemiHidden=\"true\" UnhideWhenUsed=\"true\"\r\n   Name=\"Table Contemporary\"></w:LsdException>\r\n  <w:LsdException Locked=\"false\" SemiHidden=\"true\" UnhideWhenUsed=\"true\"\r\n   Name=\"Table Elegant\"></w:LsdException>\r\n  <w:LsdException Locked=\"false\" SemiHidden=\"true\" UnhideWhenUsed=\"true\"\r\n   Name=\"Table Professional\"></w:LsdException>\r\n  <w:LsdException Locked=\"false\" SemiHidden=\"true\" UnhideWhenUsed=\"true\"\r\n   Name=\"Table Subtle 1\"></w:LsdException>\r\n  <w:LsdException Locked=\"false\" SemiHidden=\"true\" UnhideWhenUsed=\"true\"\r\n   Name=\"Table Subtle 2\"></w:LsdException>\r\n  <w:LsdException Locked=\"false\" SemiHidden=\"true\" UnhideWhenUsed=\"true\"\r\n   Name=\"Table Web 1\"></w:LsdException>\r\n  <w:LsdException Locked=\"false\" SemiHidden=\"true\" UnhideWhenUsed=\"true\"\r\n   Name=\"Table Web 2\"></w:LsdException>\r\n  <w:LsdException Locked=\"false\" SemiHidden=\"true\" UnhideWhenUsed=\"true\"\r\n   Name=\"Table Web 3\"></w:LsdException>\r\n  <w:LsdException Locked=\"false\" SemiHidden=\"true\" UnhideWhenUsed=\"true\"\r\n   Name=\"Balloon Text\"></w:LsdException>\r\n  <w:LsdException Locked=\"false\" Priority=\"39\" Name=\"Table Grid\"></w:LsdException>\r\n  <w:LsdException Locked=\"false\" SemiHidden=\"true\" UnhideWhenUsed=\"true\"\r\n   Name=\"Table Theme\"></w:LsdException>\r\n  <w:LsdException Locked=\"false\" SemiHidden=\"true\" Name=\"Placeholder Text\"></w:LsdException>\r\n  <w:LsdException Locked=\"false\" Priority=\"1\" QFormat=\"true\" Name=\"No Spacing\"></w:LsdException>\r\n  <w:LsdException Locked=\"false\" Priority=\"60\" Name=\"Light Shading\"></w:LsdException>\r\n  <w:LsdException Locked=\"false\" Priority=\"61\" Name=\"Light List\"></w:LsdException>\r\n  <w:LsdException Locked=\"false\" Priority=\"62\" Name=\"Light Grid\"></w:LsdException>\r\n  <w:LsdException Locked=\"false\" Priority=\"63\" Name=\"Medium Shading 1\"></w:LsdException>\r\n  <w:LsdException Locked=\"false\" Priority=\"64\" Name=\"Medium Shading 2\"></w:LsdException>\r\n  <w:LsdException Locked=\"false\" Priority=\"65\" Name=\"Medium List 1\"></w:LsdException>\r\n  <w:LsdException Locked=\"false\" Priority=\"66\" Name=\"Medium List 2\"></w:LsdException>\r\n  <w:LsdException Locked=\"false\" Priority=\"67\" Name=\"Medium Grid 1\"></w:LsdException>\r\n  <w:LsdException Locked=\"false\" Priority=\"68\" Name=\"Medium Grid 2\"></w:LsdException>\r\n  <w:LsdException Locked=\"false\" Priority=\"69\" Name=\"Medium Grid 3\"></w:LsdException>\r\n  <w:LsdException Locked=\"false\" Priority=\"70\" Name=\"Dark List\"></w:LsdException>\r\n  <w:LsdException Locked=\"false\" Priority=\"71\" Name=\"Colorful Shading\"></w:LsdException>\r\n  <w:LsdException Locked=\"false\" Priority=\"72\" Name=\"Colorful List\"></w:LsdException>\r\n  <w:LsdException Locked=\"false\" Priority=\"73\" Name=\"Colorful Grid\"></w:LsdException>\r\n  <w:LsdException Locked=\"false\" Priority=\"60\" Name=\"Light Shading Accent 1\"></w:LsdException>\r\n  <w:LsdException Locked=\"false\" Priority=\"61\" Name=\"Light List Accent 1\"></w:LsdException>\r\n  <w:LsdException Locked=\"false\" Priority=\"62\" Name=\"Light Grid Accent 1\"></w:LsdException>\r\n  <w:LsdException Locked=\"false\" Priority=\"63\" Name=\"Medium Shading 1 Accent 1\"></w:LsdException>\r\n  <w:LsdException Locked=\"false\" Priority=\"64\" Name=\"Medium Shading 2 Accent 1\"></w:LsdException>\r\n  <w:LsdException Locked=\"false\" Priority=\"65\" Name=\"Medium List 1 Accent 1\"></w:LsdException>\r\n  <w:LsdException Locked=\"false\" SemiHidden=\"true\" Name=\"Revision\"></w:LsdException>\r\n  <w:LsdException Locked=\"false\" Priority=\"34\" QFormat=\"true\"\r\n   Name=\"List Paragraph\"></w:LsdException>\r\n  <w:LsdException Locked=\"false\" Priority=\"29\" QFormat=\"true\" Name=\"Quote\"></w:LsdException>\r\n  <w:LsdException Locked=\"false\" Priority=\"30\" QFormat=\"true\"\r\n   Name=\"Intense Quote\"></w:LsdException>\r\n  <w:LsdException Locked=\"false\" Priority=\"66\" Name=\"Medium List 2 Accent 1\"></w:LsdException>\r\n  <w:LsdException Locked=\"false\" Priority=\"67\" Name=\"Medium Grid 1 Accent 1\"></w:LsdException>\r\n  <w:LsdException Locked=\"false\" Priority=\"68\" Name=\"Medium Grid 2 Accent 1\"></w:LsdException>\r\n  <w:LsdException Locked=\"false\" Priority=\"69\" Name=\"Medium Grid 3 Accent 1\"></w:LsdException>\r\n  <w:LsdException Locked=\"false\" Priority=\"70\" Name=\"Dark List Accent 1\"></w:LsdException>\r\n  <w:LsdException Locked=\"false\" Priority=\"71\" Name=\"Colorful Shading Accent 1\"></w:LsdException>\r\n  <w:LsdException Locked=\"false\" Priority=\"72\" Name=\"Colorful List Accent 1\"></w:LsdException>\r\n  <w:LsdException Locked=\"false\" Priority=\"73\" Name=\"Colorful Grid Accent 1\"></w:LsdException>\r\n  <w:LsdException Locked=\"false\" Priority=\"60\" Name=\"Light Shading Accent 2\"></w:LsdException>\r\n  <w:LsdException Locked=\"false\" Priority=\"61\" Name=\"Light List Accent 2\"></w:LsdException>\r\n  <w:LsdException Locked=\"false\" Priority=\"62\" Name=\"Light Grid Accent 2\"></w:LsdException>\r\n  <w:LsdException Locked=\"false\" Priority=\"63\" Name=\"Medium Shading 1 Accent 2\"></w:LsdException>\r\n  <w:LsdException Locked=\"false\" Priority=\"64\" Name=\"Medium Shading 2 Accent 2\"></w:LsdException>\r\n  <w:LsdException Locked=\"false\" Priority=\"65\" Name=\"Medium List 1 Accent 2\"></w:LsdException>\r\n  <w:LsdException Locked=\"false\" Priority=\"66\" Name=\"Medium List 2 Accent 2\"></w:LsdException>\r\n  <w:LsdException Locked=\"false\" Priority=\"67\" Name=\"Medium Grid 1 Accent 2\"></w:LsdException>\r\n  <w:LsdException Locked=\"false\" Priority=\"68\" Name=\"Medium Grid 2 Accent 2\"></w:LsdException>\r\n  <w:LsdException Locked=\"false\" Priority=\"69\" Name=\"Medium Grid 3 Accent 2\"></w:LsdException>\r\n  <w:LsdException Locked=\"false\" Priority=\"70\" Name=\"Dark List Accent 2\"></w:LsdException>\r\n  <w:LsdException Locked=\"false\" Priority=\"71\" Name=\"Colorful Shading Accent 2\"></w:LsdException>\r\n  <w:LsdException Locked=\"false\" Priority=\"72\" Name=\"Colorful List Accent 2\"></w:LsdException>\r\n  <w:LsdException Locked=\"false\" Priority=\"73\" Name=\"Colorful Grid Accent 2\"></w:LsdException>\r\n  <w:LsdException Locked=\"false\" Priority=\"60\" Name=\"Light Shading Accent 3\"></w:LsdException>\r\n  <w:LsdException Locked=\"false\" Priority=\"61\" Name=\"Light List Accent 3\"></w:LsdException>\r\n  <w:LsdException Locked=\"false\" Priority=\"62\" Name=\"Light Grid Accent 3\"></w:LsdException>\r\n  <w:LsdException Locked=\"false\" Priority=\"63\" Name=\"Medium Shading 1 Accent 3\"></w:LsdException>\r\n  <w:LsdException Locked=\"false\" Priority=\"64\" Name=\"Medium Shading 2 Accent 3\"></w:LsdException>\r\n  <w:LsdException Locked=\"false\" Priority=\"65\" Name=\"Medium List 1 Accent 3\"></w:LsdException>\r\n  <w:LsdException Locked=\"false\" Priority=\"66\" Name=\"Medium List 2 Accent 3\"></w:LsdException>\r\n  <w:LsdException Locked=\"false\" Priority=\"67\" Name=\"Medium Grid 1 Accent 3\"></w:LsdException>\r\n  <w:LsdException Locked=\"false\" Priority=\"68\" Name=\"Medium Grid 2 Accent 3\"></w:LsdException>\r\n  <w:LsdException Locked=\"false\" Priority=\"69\" Name=\"Medium Grid 3 Accent 3\"></w:LsdException>\r\n  <w:LsdException Locked=\"false\" Priority=\"70\" Name=\"Dark List Accent 3\"></w:LsdException>\r\n  <w:LsdException Locked=\"false\" Priority=\"71\" Name=\"Colorful Shading Accent 3\"></w:LsdException>\r\n  <w:LsdException Locked=\"false\" Priority=\"72\" Name=\"Colorful List Accent 3\"></w:LsdException>\r\n  <w:LsdException Locked=\"false\" Priority=\"73\" Name=\"Colorful Grid Accent 3\"></w:LsdException>\r\n  <w:LsdException Locked=\"false\" Priority=\"60\" Name=\"Light Shading Accent 4\"></w:LsdException>\r\n  <w:LsdException Locked=\"false\" Priority=\"61\" Name=\"Light List Accent 4\"></w:LsdException>\r\n  <w:LsdException Locked=\"false\" Priority=\"62\" Name=\"Light Grid Accent 4\"></w:LsdException>\r\n  <w:LsdException Locked=\"false\" Priority=\"63\" Name=\"Medium Shading 1 Accent 4\"></w:LsdException>\r\n  <w:LsdException Locked=\"false\" Priority=\"64\" Name=\"Medium Shading 2 Accent 4\"></w:LsdException>\r\n  <w:LsdException Locked=\"false\" Priority=\"65\" Name=\"Medium List 1 Accent 4\"></w:LsdException>\r\n  <w:LsdException Locked=\"false\" Priority=\"66\" Name=\"Medium List 2 Accent 4\"></w:LsdException>\r\n  <w:LsdException Locked=\"false\" Priority=\"67\" Name=\"Medium Grid 1 Accent 4\"></w:LsdException>\r\n  <w:LsdException Locked=\"false\" Priority=\"68\" Name=\"Medium Grid 2 Accent 4\"></w:LsdException>\r\n  <w:LsdException Locked=\"false\" Priority=\"69\" Name=\"Medium Grid 3 Accent 4\"></w:LsdException>\r\n  <w:LsdException Locked=\"false\" Priority=\"70\" Name=\"Dark List Accent 4\"></w:LsdException>\r\n  <w:LsdException Locked=\"false\" Priority=\"71\" Name=\"Colorful Shading Accent 4\"></w:LsdException>\r\n  <w:LsdException Locked=\"false\" Priority=\"72\" Name=\"Colorful List Accent 4\"></w:LsdException>\r\n  <w:LsdException Locked=\"false\" Priority=\"73\" Name=\"Colorful Grid Accent 4\"></w:LsdException>\r\n  <w:LsdException Locked=\"false\" Priority=\"60\" Name=\"Light Shading Accent 5\"></w:LsdException>\r\n  <w:LsdException Locked=\"false\" Priority=\"61\" Name=\"Light List Accent 5\"></w:LsdException>\r\n  <w:LsdException Locked=\"false\" Priority=\"62\" Name=\"Light Grid Accent 5\"></w:LsdException>\r\n  <w:LsdException Locked=\"false\" Priority=\"63\" Name=\"Medium Shading 1 Accent 5\"></w:LsdException>\r\n  <w:LsdException Locked=\"false\" Priority=\"64\" Name=\"Medium Shading 2 Accent 5\"></w:LsdException>\r\n  <w:LsdException Locked=\"false\" Priority=\"65\" Name=\"Medium List 1 Accent 5\"></w:LsdException>\r\n  <w:LsdException Locked=\"false\" Priority=\"66\" Name=\"Medium List 2 Accent 5\"></w:LsdException>\r\n  <w:LsdException Locked=\"false\" Priority=\"67\" Name=\"Medium Grid 1 Accent 5\"></w:LsdException>\r\n  <w:LsdException Locked=\"false\" Priority=\"68\" Name=\"Medium Grid 2 Accent 5\"></w:LsdException>\r\n  <w:LsdException Locked=\"false\" Priority=\"69\" Name=\"Medium Grid 3 Accent 5\"></w:LsdException>\r\n  <w:LsdException Locked=\"false\" Priority=\"70\" Name=\"Dark List Accent 5\"></w:LsdException>\r\n  <w:LsdException Locked=\"false\" Priority=\"71\" Name=\"Colorful Shading Accent 5\"></w:LsdException>\r\n  <w:LsdException Locked=\"false\" Priority=\"72\" Name=\"Colorful List Accent 5\"></w:LsdException>\r\n  <w:LsdException Locked=\"false\" Priority=\"73\" Name=\"Colorful Grid Accent 5\"></w:LsdException>\r\n  <w:LsdException Locked=\"false\" Priority=\"60\" Name=\"Light Shading Accent 6\"></w:LsdException>\r\n  <w:LsdException Locked=\"false\" Priority=\"61\" Name=\"Light List Accent 6\"></w:LsdException>\r\n  <w:LsdException Locked=\"false\" Priority=\"62\" Name=\"Light Grid Accent 6\"></w:LsdException>\r\n  <w:LsdException Locked=\"false\" Priority=\"63\" Name=\"Medium Shading 1 Accent 6\"></w:LsdException>\r\n  <w:LsdException Locked=\"false\" Priority=\"64\" Name=\"Medium Shading 2 Accent 6\"></w:LsdException>\r\n  <w:LsdException Locked=\"false\" Priority=\"65\" Name=\"Medium List 1 Accent 6\"></w:LsdException>\r\n  <w:LsdException Locked=\"false\" Priority=\"66\" Name=\"Medium List 2 Accent 6\"></w:LsdException>\r\n  <w:LsdException Locked=\"false\" Priority=\"67\" Name=\"Medium Grid 1 Accent 6\"></w:LsdException>\r\n  <w:LsdException Locked=\"false\" Priority=\"68\" Name=\"Medium Grid 2 Accent 6\"></w:LsdException>\r\n  <w:LsdException Locked=\"false\" Priority=\"69\" Name=\"Medium Grid 3 Accent 6\"></w:LsdException>\r\n  <w:LsdException Locked=\"false\" Priority=\"70\" Name=\"Dark List Accent 6\"></w:LsdException>\r\n  <w:LsdException Locked=\"false\" Priority=\"71\" Name=\"Colorful Shading Accent 6\"></w:LsdException>\r\n  <w:LsdException Locked=\"false\" Priority=\"72\" Name=\"Colorful List Accent 6\"></w:LsdException>\r\n  <w:LsdException Locked=\"false\" Priority=\"73\" Name=\"Colorful Grid Accent 6\"></w:LsdException>\r\n  <w:LsdException Locked=\"false\" Priority=\"19\" QFormat=\"true\"\r\n   Name=\"Subtle Emphasis\"></w:LsdException>\r\n  <w:LsdException Locked=\"false\" Priority=\"21\" QFormat=\"true\"\r\n   Name=\"Intense Emphasis\"></w:LsdException>\r\n  <w:LsdException Locked=\"false\" Priority=\"31\" QFormat=\"true\"\r\n   Name=\"Subtle Reference\"></w:LsdException>\r\n  <w:LsdException Locked=\"false\" Priority=\"32\" QFormat=\"true\"\r\n   Name=\"Intense Reference\"></w:LsdException>\r\n  <w:LsdException Locked=\"false\" Priority=\"33\" QFormat=\"true\" Name=\"Book Title\"></w:LsdException>\r\n  <w:LsdException Locked=\"false\" Priority=\"37\" SemiHidden=\"true\"\r\n   UnhideWhenUsed=\"true\" Name=\"Bibliography\"></w:LsdException>\r\n  <w:LsdException Locked=\"false\" Priority=\"39\" SemiHidden=\"true\"\r\n   UnhideWhenUsed=\"true\" QFormat=\"true\" Name=\"TOC Heading\"></w:LsdException>\r\n  <w:LsdException Locked=\"false\" Priority=\"41\" Name=\"Plain Table 1\"></w:LsdException>\r\n  <w:LsdException Locked=\"false\" Priority=\"42\" Name=\"Plain Table 2\"></w:LsdException>\r\n  <w:LsdException Locked=\"false\" Priority=\"43\" Name=\"Plain Table 3\"></w:LsdException>\r\n  <w:LsdException Locked=\"false\" Priority=\"44\" Name=\"Plain Table 4\"></w:LsdException>\r\n  <w:LsdException Locked=\"false\" Priority=\"45\" Name=\"Plain Table 5\"></w:LsdException>\r\n  <w:LsdException Locked=\"false\" Priority=\"40\" Name=\"Grid Table Light\"></w:LsdException>\r\n  <w:LsdException Locked=\"false\" Priority=\"46\" Name=\"Grid Table 1 Light\"></w:LsdException>\r\n  <w:LsdException Locked=\"false\" Priority=\"47\" Name=\"Grid Table 2\"></w:LsdException>\r\n  <w:LsdException Locked=\"false\" Priority=\"48\" Name=\"Grid Table 3\"></w:LsdException>\r\n  <w:LsdException Locked=\"false\" Priority=\"49\" Name=\"Grid Table 4\"></w:LsdException>\r\n  <w:LsdException Locked=\"false\" Priority=\"50\" Name=\"Grid Table 5 Dark\"></w:LsdException>\r\n  <w:LsdException Locked=\"false\" Priority=\"51\" Name=\"Grid Table 6 Colorful\"></w:LsdException>\r\n  <w:LsdException Locked=\"false\" Priority=\"52\" Name=\"Grid Table 7 Colorful\"></w:LsdException>\r\n  <w:LsdException Locked=\"false\" Priority=\"46\"\r\n   Name=\"Grid Table 1 Light Accent 1\"></w:LsdException>\r\n  <w:LsdException Locked=\"false\" Priority=\"47\" Name=\"Grid Table 2 Accent 1\"></w:LsdException>\r\n  <w:LsdException Locked=\"false\" Priority=\"48\" Name=\"Grid Table 3 Accent 1\"></w:LsdException>\r\n  <w:LsdException Locked=\"false\" Priority=\"49\" Name=\"Grid Table 4 Accent 1\"></w:LsdException>\r\n  <w:LsdException Locked=\"false\" Priority=\"50\" Name=\"Grid Table 5 Dark Accent 1\"></w:LsdException>\r\n  <w:LsdException Locked=\"false\" Priority=\"51\"\r\n   Name=\"Grid Table 6 Colorful Accent 1\"></w:LsdException>\r\n  <w:LsdException Locked=\"false\" Priority=\"52\"\r\n   Name=\"Grid Table 7 Colorful Accent 1\"></w:LsdException>\r\n  <w:LsdException Locked=\"false\" Priority=\"46\"\r\n   Name=\"Grid Table 1 Light Accent 2\"></w:LsdException>\r\n  <w:LsdException Locked=\"false\" Priority=\"47\" Name=\"Grid Table 2 Accent 2\"></w:LsdException>\r\n  <w:LsdException Locked=\"false\" Priority=\"48\" Name=\"Grid Table 3 Accent 2\"></w:LsdException>\r\n  <w:LsdException Locked=\"false\" Priority=\"49\" Name=\"Grid Table 4 Accent 2\"></w:LsdException>\r\n  <w:LsdException Locked=\"false\" Priority=\"50\" Name=\"Grid Table 5 Dark Accent 2\"></w:LsdException>\r\n  <w:LsdException Locked=\"false\" Priority=\"51\"\r\n   Name=\"Grid Table 6 Colorful Accent 2\"></w:LsdException>\r\n  <w:LsdException Locked=\"false\" Priority=\"52\"\r\n   Name=\"Grid Table 7 Colorful Accent 2\"></w:LsdException>\r\n  <w:LsdException Locked=\"false\" Priority=\"46\"\r\n   Name=\"Grid Table 1 Light Accent 3\"></w:LsdException>\r\n  <w:LsdException Locked=\"false\" Priority=\"47\" Name=\"Grid Table 2 Accent 3\"></w:LsdException>\r\n  <w:LsdException Locked=\"false\" Priority=\"48\" Name=\"Grid Table 3 Accent 3\"></w:LsdException>\r\n  <w:LsdException Locked=\"false\" Priority=\"49\" Name=\"Grid Table 4 Accent 3\"></w:LsdException>\r\n  <w:LsdException Locked=\"false\" Priority=\"50\" Name=\"Grid Table 5 Dark Accent 3\"></w:LsdException>\r\n  <w:LsdException Locked=\"false\" Priority=\"51\"\r\n   Name=\"Grid Table 6 Colorful Accent 3\"></w:LsdException>\r\n  <w:LsdException Locked=\"false\" Priority=\"52\"\r\n   Name=\"Grid Table 7 Colorful Accent 3\"></w:LsdException>\r\n  <w:LsdException Locked=\"false\" Priority=\"46\"\r\n   Name=\"Grid Table 1 Light Accent 4\"></w:LsdException>\r\n  <w:LsdException Locked=\"false\" Priority=\"47\" Name=\"Grid Table 2 Accent 4\"></w:LsdException>\r\n  <w:LsdException Locked=\"false\" Priority=\"48\" Name=\"Grid Table 3 Accent 4\"></w:LsdException>\r\n  <w:LsdException Locked=\"false\" Priority=\"49\" Name=\"Grid Table 4 Accent 4\"></w:LsdException>\r\n  <w:LsdException Locked=\"false\" Priority=\"50\" Name=\"Grid Table 5 Dark Accent 4\"></w:LsdException>\r\n  <w:LsdException Locked=\"false\" Priority=\"51\"\r\n   Name=\"Grid Table 6 Colorful Accent 4\"></w:LsdException>\r\n  <w:LsdException Locked=\"false\" Priority=\"52\"\r\n   Name=\"Grid Table 7 Colorful Accent 4\"></w:LsdException>\r\n  <w:LsdException Locked=\"false\" Priority=\"46\"\r\n   Name=\"Grid Table 1 Light Accent 5\"></w:LsdException>\r\n  <w:LsdException Locked=\"false\" Priority=\"47\" Name=\"Grid Table 2 Accent 5\"></w:LsdException>\r\n  <w:LsdException Locked=\"false\" Priority=\"48\" Name=\"Grid Table 3 Accent 5\"></w:LsdException>\r\n  <w:LsdException Locked=\"false\" Priority=\"49\" Name=\"Grid Table 4 Accent 5\"></w:LsdException>\r\n  <w:LsdException Locked=\"false\" Priority=\"50\" Name=\"Grid Table 5 Dark Accent 5\"></w:LsdException>\r\n  <w:LsdException Locked=\"false\" Priority=\"51\"\r\n   Name=\"Grid Table 6 Colorful Accent 5\"></w:LsdException>\r\n  <w:LsdException Locked=\"false\" Priority=\"52\"\r\n   Name=\"Grid Table 7 Colorful Accent 5\"></w:LsdException>\r\n  <w:LsdException Locked=\"false\" Priority=\"46\"\r\n   Name=\"Grid Table 1 Light Accent 6\"></w:LsdException>\r\n  <w:LsdException Locked=\"false\" Priority=\"47\" Name=\"Grid Table 2 Accent 6\"></w:LsdException>\r\n  <w:LsdException Locked=\"false\" Priority=\"48\" Name=\"Grid Table 3 Accent 6\"></w:LsdException>\r\n  <w:LsdException Locked=\"false\" Priority=\"49\" Name=\"Grid Table 4 Accent 6\"></w:LsdException>\r\n  <w:LsdException Locked=\"false\" Priority=\"50\" Name=\"Grid Table 5 Dark Accent 6\"></w:LsdException>\r\n  <w:LsdException Locked=\"false\" Priority=\"51\"\r\n   Name=\"Grid Table 6 Colorful Accent 6\"></w:LsdException>\r\n  <w:LsdException Locked=\"false\" Priority=\"52\"\r\n   Name=\"Grid Table 7 Colorful Accent 6\"></w:LsdException>\r\n  <w:LsdException Locked=\"false\" Priority=\"46\" Name=\"List Table 1 Light\"></w:LsdException>\r\n  <w:LsdException Locked=\"false\" Priority=\"47\" Name=\"List Table 2\"></w:LsdException>\r\n  <w:LsdException Locked=\"false\" Priority=\"48\" Name=\"List Table 3\"></w:LsdException>\r\n  <w:LsdException Locked=\"false\" Priority=\"49\" Name=\"List Table 4\"></w:LsdException>\r\n  <w:LsdException Locked=\"false\" Priority=\"50\" Name=\"List Table 5 Dark\"></w:LsdException>\r\n  <w:LsdException Locked=\"false\" Priority=\"51\" Name=\"List Table 6 Colorful\"></w:LsdException>\r\n  <w:LsdException Locked=\"false\" Priority=\"52\" Name=\"List Table 7 Colorful\"></w:LsdException>\r\n  <w:LsdException Locked=\"false\" Priority=\"46\"\r\n   Name=\"List Table 1 Light Accent 1\"></w:LsdException>\r\n  <w:LsdException Locked=\"false\" Priority=\"47\" Name=\"List Table 2 Accent 1\"></w:LsdException>\r\n  <w:LsdException Locked=\"false\" Priority=\"48\" Name=\"List Table 3 Accent 1\"></w:LsdException>\r\n  <w:LsdException Locked=\"false\" Priority=\"49\" Name=\"List Table 4 Accent 1\"></w:LsdException>\r\n  <w:LsdException Locked=\"false\" Priority=\"50\" Name=\"List Table 5 Dark Accent 1\"></w:LsdException>\r\n  <w:LsdException Locked=\"false\" Priority=\"51\"\r\n   Name=\"List Table 6 Colorful Accent 1\"></w:LsdException>\r\n  <w:LsdException Locked=\"false\" Priority=\"52\"\r\n   Name=\"List Table 7 Colorful Accent 1\"></w:LsdException>\r\n  <w:LsdException Locked=\"false\" Priority=\"46\"\r\n   Name=\"List Table 1 Light Accent 2\"></w:LsdException>\r\n  <w:LsdException Locked=\"false\" Priority=\"47\" Name=\"List Table 2 Accent 2\"></w:LsdException>\r\n  <w:LsdException Locked=\"false\" Priority=\"48\" Name=\"List Table 3 Accent 2\"></w:LsdException>\r\n  <w:LsdException Locked=\"false\" Priority=\"49\" Name=\"List Table 4 Accent 2\"></w:LsdException>\r\n  <w:LsdException Locked=\"false\" Priority=\"50\" Name=\"List Table 5 Dark Accent 2\"></w:LsdException>\r\n  <w:LsdException Locked=\"false\" Priority=\"51\"\r\n   Name=\"List Table 6 Colorful Accent 2\"></w:LsdException>\r\n  <w:LsdException Locked=\"false\" Priority=\"52\"\r\n   Name=\"List Table 7 Colorful Accent 2\"></w:LsdException>\r\n  <w:LsdException Locked=\"false\" Priority=\"46\"\r\n   Name=\"List Table 1 Light Accent 3\"></w:LsdException>\r\n  <w:LsdException Locked=\"false\" Priority=\"47\" Name=\"List Table 2 Accent 3\"></w:LsdException>\r\n  <w:LsdException Locked=\"false\" Priority=\"48\" Name=\"List Table 3 Accent 3\"></w:LsdException>\r\n  <w:LsdException Locked=\"false\" Priority=\"49\" Name=\"List Table 4 Accent 3\"></w:LsdException>\r\n  <w:LsdException Locked=\"false\" Priority=\"50\" Name=\"List Table 5 Dark Accent 3\"></w:LsdException>\r\n  <w:LsdException Locked=\"false\" Priority=\"51\"\r\n   Name=\"List Table 6 Colorful Accent 3\"></w:LsdException>\r\n  <w:LsdException Locked=\"false\" Priority=\"52\"\r\n   Name=\"List Table 7 Colorful Accent 3\"></w:LsdException>\r\n  <w:LsdException Locked=\"false\" Priority=\"46\"\r\n   Name=\"List Table 1 Light Accent 4\"></w:LsdException>\r\n  <w:LsdException Locked=\"false\" Priority=\"47\" Name=\"List Table 2 Accent 4\"></w:LsdException>\r\n  <w:LsdException Locked=\"false\" Priority=\"48\" Name=\"List Table 3 Accent 4\"></w:LsdException>\r\n  <w:LsdException Locked=\"false\" Priority=\"49\" Name=\"List Table 4 Accent 4\"></w:LsdException>\r\n  <w:LsdException Locked=\"false\" Priority=\"50\" Name=\"List Table 5 Dark Accent 4\"></w:LsdException>\r\n  <w:LsdException Locked=\"false\" Priority=\"51\"\r\n   Name=\"List Table 6 Colorful Accent 4\"></w:LsdException>\r\n  <w:LsdException Locked=\"false\" Priority=\"52\"\r\n   Name=\"List Table 7 Colorful Accent 4\"></w:LsdException>\r\n  <w:LsdException Locked=\"false\" Priority=\"46\"\r\n   Name=\"List Table 1 Light Accent 5\"></w:LsdException>\r\n  <w:LsdException Locked=\"false\" Priority=\"47\" Name=\"List Table 2 Accent 5\"></w:LsdException>\r\n  <w:LsdException Locked=\"false\" Priority=\"48\" Name=\"List Table 3 Accent 5\"></w:LsdException>\r\n  <w:LsdException Locked=\"false\" Priority=\"49\" Name=\"List Table 4 Accent 5\"></w:LsdException>\r\n  <w:LsdException Locked=\"false\" Priority=\"50\" Name=\"List Table 5 Dark Accent 5\"></w:LsdException>\r\n  <w:LsdException Locked=\"false\" Priority=\"51\"\r\n   Name=\"List Table 6 Colorful Accent 5\"></w:LsdException>\r\n  <w:LsdException Locked=\"false\" Priority=\"52\"\r\n   Name=\"List Table 7 Colorful Accent 5\"></w:LsdException>\r\n  <w:LsdException Locked=\"false\" Priority=\"46\"\r\n   Name=\"List Table 1 Light Accent 6\"></w:LsdException>\r\n  <w:LsdException Locked=\"false\" Priority=\"47\" Name=\"List Table 2 Accent 6\"></w:LsdException>\r\n  <w:LsdException Locked=\"false\" Priority=\"48\" Name=\"List Table 3 Accent 6\"></w:LsdException>\r\n  <w:LsdException Locked=\"false\" Priority=\"49\" Name=\"List Table 4 Accent 6\"></w:LsdException>\r\n  <w:LsdException Locked=\"false\" Priority=\"50\" Name=\"List Table 5 Dark Accent 6\"></w:LsdException>\r\n  <w:LsdException Locked=\"false\" Priority=\"51\"\r\n   Name=\"List Table 6 Colorful Accent 6\"></w:LsdException>\r\n  <w:LsdException Locked=\"false\" Priority=\"52\"\r\n   Name=\"List Table 7 Colorful Accent 6\"></w:LsdException>\r\n </w:LatentStyles>\r\n</xml><![endif]--><!--[if gte mso 10]>\r\n<style>\r\n /* Style Definitions */\r\n table.MsoNormalTable\r\n	{mso-style-name:\"Table Normal\";\r\n	mso-tstyle-rowband-size:0;\r\n	mso-tstyle-colband-size:0;\r\n	mso-style-noshow:yes;\r\n	mso-style-priority:99;\r\n	mso-style-parent:\"\";\r\n	mso-padding-alt:0in 5.4pt 0in 5.4pt;\r\n	mso-para-margin-top:0in;\r\n	mso-para-margin-right:0in;\r\n	mso-para-margin-bottom:8.0pt;\r\n	mso-para-margin-left:0in;\r\n	line-height:107%;\r\n	mso-pagination:widow-orphan;\r\n	font-size:11.0pt;\r\n	font-family:\"Calibri\",sans-serif;\r\n	mso-ascii-font-family:Calibri;\r\n	mso-ascii-theme-font:minor-latin;\r\n	mso-hansi-font-family:Calibri;\r\n	mso-hansi-theme-font:minor-latin;}\r\n</style>\r\n<![endif]-->\r\n\r\n</p><p class=\"MsoNormal\" style=\"text-align:center\" align=\"center\"><b style=\"mso-bidi-font-weight:\r\nnormal\"><span style=\"font-size:14.0pt;line-height:107%\">Privacy Policy</span></b></p>\r\n\r\n<p class=\"MsoNormal\">Protecting your private information is our priority. This\r\nStatement of Privacy applies to <span class=\"MsoHyperlink\"><a href=\"http://www.ocbuyback.com\">www.ocbuyback.com</a></span> and OCBuyBack. The\r\nOCBuyBack website is a service that lets consumers get an instant quote for\r\ntheir electronic device. Consumers can choose to ship the device or drop it off\r\nlocally. Then consumers are paid via Check (Cash for local drop offs only) or\r\nPaypal. By using the OCBuyBack website, you consent to the data practices\r\ndescribed in this statement. </p>\r\n\r\n<p class=\"MsoNormal\"><b style=\"mso-bidi-font-weight:normal\">Collection of your\r\nPersonal Information</b></p>\r\n\r\n<p class=\"MsoNormal\">In order to better provide you with products and services\r\noffered on our Site, OCBuyBack may collect personally identifiable information,\r\nsuch as your: </p>\r\n\r\n\r\n\r\n<p class=\"MsoNormal\">-First and Last Name</p>\r\n\r\n<p class=\"MsoNormal\">-Mailing Address</p>\r\n\r\n<p class=\"MsoNormal\">-E-mail Address</p>\r\n\r\n<p class=\"MsoNormal\">-Phone Number</p>\r\n\r\n<p class=\"MsoNormal\">-Electronic device information</p>\r\n\r\n<p class=\"MsoNormal\">-PayPal E-mail Address</p><p class=\"MsoNormal\">We do not collect any personal information about you unless\r\nyou voluntarily provide it to us. However, you may be required to provide\r\ncertain personal information to us when you elect to use certain products or\r\nservices available on the Site. These may include: (a) registering for an\r\naccount on our Site; (b) entering a sweepstakes or contest sponsored by us or\r\none of our partners; (c) signing up for special offers from selected third\r\nparties; (d) sending us an email message. To wit, we will use your information\r\nfor, but not limited to, communicating with you in relation to services and/or\r\nproducts you have requested from us. We also may gather additional personal or\r\nnon-personal information in the future.<span style=\"mso-spacerun:yes\">  </span></p>\r\n\r\n\r\n\r\n<p class=\"MsoNormal\"><b style=\"mso-bidi-font-weight:normal\">Use of your Personal\r\nInformation</b></p>\r\n\r\n<p class=\"MsoNormal\">OCBuyBack collects and uses your personal information to\r\noperate its website(s) and deliver the services you have requested. To improve\r\nour website in order to better serve you. To ask for ratings and review of\r\nservices or products. Also, to follow up after correspondence (Facebook chat,\r\nemail, phone call or text message) </p>\r\n\r\n\r\n\r\n<p class=\"MsoNormal\">OCBuyBack may also use your personally identifiable\r\ninformation to inform you of other products or services available from\r\nOCBuyBack and its affiliates. </p>\r\n\r\n<p style=\"margin-top:0in;line-height:15.3pt;background:white\"><span style=\"font-size:10.0pt;font-family:\" arial\",sans-serif;color:#212529\"=\"\">Our\r\nwebsite is scanned on a regular basis for security holes and known\r\nvulnerabilities in order to make your visit to our site as safe as possible.</span></p>\r\n\r\n<p style=\"margin-top:0in;line-height:15.3pt;background:white\"><span style=\"font-size:10.0pt;font-family:\" arial\",sans-serif;color:#212529\"=\"\">We use\r\nregular Malware Scanning.</span></p>\r\n\r\n<p style=\"margin-top:0in;line-height:15.3pt;background:white\"><span style=\"font-size:10.0pt;font-family:\" arial\",sans-serif;color:#212529\"=\"\">Your\r\npersonal information is contained behind secured networks and is only\r\naccessible by a limited number of persons who have special access rights to\r\nsuch systems, and are required to keep the information confidential. In\r\naddition, all sensitive/credit information you supply is encrypted via Secure\r\nSocket Layer (SSL) technology.</span></p>\r\n\r\n<p style=\"margin-top:0in;line-height:15.3pt;background:white\"><span style=\"font-size:10.0pt;font-family:\" arial\",sans-serif;color:#212529\"=\"\">We\r\nimplement a variety of security measures when a user places an order enters,\r\nsubmits, or accesses their information to maintain the safety of your personal\r\ninformation.</span></p>\r\n\r\n<p style=\"margin-top:0in;line-height:15.3pt;background:white\"><span style=\"font-size:10.0pt;font-family:\" arial\",sans-serif;color:#212529\"=\"\">All\r\ntransactions are processed through a gateway provider and are not stored or\r\nprocessed on our servers.</span></p>\r\n\r\n\r\n\r\n<p class=\"MsoNormal\"><b style=\"mso-bidi-font-weight:normal\">Sharing Information\r\nwith Third Parties</b></p>\r\n\r\n<p class=\"MsoNormal\">OCBuyBack does not sell, rent or lease its customers lists\r\nto third parties. \r\n\r\n</p><p class=\"MsoNormal\">OCBuyBack may share data with trusted partners to help\r\nperform statistical analysis, send you email or postal mail, provide customer\r\nsupport, or arrange for deliveries. All such third parties are prohibited from\r\nusing your personal information except to provide these services to OCBuyBack,\r\nand they are required to maintain the confidentiality of your information. </p>\r\n\r\n\r\n\r\n<p class=\"MsoNormal\">OCBuyBack may disclose your personal information, without\r\nnotice, if required to do so by law or in the good faith belief that such\r\naction is necessary to: (a) conform to the edicts of the law of comply with\r\nlegal process served on OCBuyBack or the site; (b) protect and defend the\r\nrights or property of OCBuyBack; and/or (c) act under exigent circumstances to\r\nprotect the personal safety of users of OCBuyBack, or the public. \r\n\r\n</p><p class=\"MsoNormal\"><b style=\"mso-bidi-font-weight:normal\">Tracking User\r\nBehavior</b></p>\r\n\r\n<p class=\"MsoNormal\">OCBuyback may keep track of the websites and pages our users\r\nvisit within OCBuyBack, in order to determine what OCBuyBack services are the\r\nmost popular. This data is used to deliver customized content and advertising\r\nwith OCBuyBack to customers whose behavior indicates that they are interested\r\nin a particular subject area. </p>\r\n\r\n\r\n\r\n<p class=\"MsoNormal\"><b style=\"mso-bidi-font-weight:normal\">Automatically\r\nCollected Information</b></p>\r\n\r\n<p class=\"MsoNormal\">Information about your computer hardware and software may be\r\nautomatically collected by OCBuyBack. This information can include; your IP\r\naddress, browser type, domain names, access times and referring website\r\naddresses. This information is used for the operation of the service, to\r\nmaintain quality of the service, and to provide general statistics regarding use\r\nof the OCBuyBack website. \r\n\r\n</p><p class=\"MsoNormal\"><b style=\"mso-bidi-font-weight:normal\">Use of Cookies</b></p>\r\n\r\n<p class=\"MsoNormal\">The OCBuyBack website may use “cookies” to help you\r\npersonalize your online experience. A cookie is a text file that is placed on\r\nyour hard disk by a web page server. Coolies cannot be used to run programs or\r\ndeliver viruses to your computer. Cookies are uniquely assigned to you, and can\r\nonly be read by a web server in the domain that issued the cookie to you. </p>\r\n\r\n\r\n\r\n<p class=\"MsoNormal\">One of the primary purposes of cookies is to provide a\r\nconvenience feature to save you time. The purpose of a cookie is to tell the\r\nWeb server that you have returned to a specific page. For example, if you\r\npersonalize OCBuyBack pages, or register with OCBuyBack site or services, a\r\ncookie helps OCBuyBack to recall your specific information on subsequent visits.\r\nThis simplifies the process of recording your personal information, such as\r\nbilling addresses, shipping address, and so on. When you return to the same\r\nOCBuyBack website, the information you previously provided can be retrieved, so\r\nyou can easily use the OCBuyBack features that you customized. \r\n\r\n</p><p class=\"MsoNormal\">You have the ability to accept or decline cookies. Most Web\r\nbrowsers automatically accept cookies, but you can usually modify your browser\r\nsetting to decline cookies if you prefer. If you choose to decline cookies, you\r\nmay not be able to fully experience the interactive features of OCBuyBack\r\nservices or websites you visit. </p>\r\n\r\n\r\n\r\n<p class=\"MsoNormal\"><b style=\"mso-bidi-font-weight:normal\">Links</b></p>\r\n\r\n<p class=\"MsoNormal\">This website contains links to other sites. Please be aware\r\nthat we are not responsible for the content or privacy practices of such other\r\nsites. We encourage our users to be aware when they leave our site and to read\r\nthe privacy statements of any to other site that collects personally\r\nidentifiable information. \r\n\r\n</p><p class=\"MsoNormal\"><b style=\"mso-bidi-font-weight:normal\">Children Under\r\nThirteen</b></p>\r\n\r\n<p class=\"MsoNormal\">OCBuyBack does not knowingly collect personally identifiable\r\ninformation from children under the age of thirteen. If you are under the age\r\nof thirteen, you must ask your parent or guardian for permission to use this\r\nwebsite. </p>\r\n\r\n\r\n\r\n<p class=\"MsoNormal\"><b style=\"mso-bidi-font-weight:normal\">E-mail/Text\r\nMessage/Chat Communications</b></p>\r\n\r\n<p class=\"MsoNormal\">From time to time, OCBuyBack may contact you via email, text\r\nmessage or chat for the purpose of providing announcement, promotional offers,\r\nalerts, confirmations, surveys, and/or other general communication. \r\n\r\n</p><p class=\"MsoNormal\">If you would like to stop receiving marketing or promotional\r\ncommunications via email, text message or chat from OCBuyBack, you may opt out\r\nof such communications by emailing us at <span class=\"MsoHyperlink\"><a href=\"mailto:support@ocbuyback.com\">support@ocbuyback.com</a></span></p>\r\n\r\n\r\n\r\n<p class=\"MsoNormal\"><b style=\"mso-bidi-font-weight:normal\">Changes to this\r\nStatement</b></p>\r\n\r\n<p class=\"MsoNormal\">OCBuyBack reserves the right to change this Privacy Policy\r\nfrom time to time. We will notify you about significant changes in the way we\r\ntreat personal information by sending a notice to the primary email address\r\nspecified in your account, by placing a prominent notice on our site, and/or by\r\nupdating any privacy information on the page. Your continued use of the Site\r\nand/or Services available though this Site after such modifications will\r\nconstitute your; (a) acknowledgement of the modified Privacy Policy; and (b)\r\nagreement to abide and be bound by that Policy. \r\n\r\n</p><p class=\"MsoNormal\"><b style=\"mso-bidi-font-weight:normal\">Contact Information</b></p>\r\n\r\n<p class=\"MsoNormal\">OCBuyBack welcomes your questions or comments regarding this\r\nStatemnet of Privacy. If you believe that OCBuyBack has not adhered to this\r\nStatemnet, please contact OCBuyBack at: </p>\r\n\r\n\r\n\r\n<p class=\"MsoNormal\">OCBuyBack</p>\r\n\r\n<p class=\"MsoNormal\">126 Viking Ave </p>\r\n\r\n<p class=\"MsoNormal\">Brea, California 92821 \r\n\r\n</p><p class=\"MsoNormal\">Email Address: </p>\r\n\r\n<p class=\"MsoNormal\"><span class=\"MsoHyperlink\"><a href=\"mailto:support@ocbuyback.com\">support@ocbuyback.com</a></span></p>\r\n\r\n\r\n\r\n<p class=\"MsoNormal\">Telephone number: </p>\r\n\r\n<p class=\"MsoNormal\">657-286-8274 \r\n\r\n</p><p class=\"MsoNormal\">Effective as of October 3, 2018</p>\r\n\r\n', '', 1, '2018-10-04 07:48:12', '2018-11-07 01:28:51');
INSERT INTO `blogs` (`id`, `post_type`, `title`, `slug`, `description`, `content`, `image`, `status`, `created_at`, `updated_at`) VALUES
(13, 'blog', 'Turn Your Old Mobile Phone Into Cash', 'blog/turn-your-old-mobile-phone-into-cash', '', '<p style=\"margin-bottom: 1rem; line-height: 1.58; font-size: 21px; letter-spacing: -0.063px; color: rgb(33, 37, 41); font-family: \"Open Sans\", sans-serif;\">TURN YOUR OLD MOBILE PHONE INTO CASH</p><p style=\"margin-bottom: 1rem; line-height: 1.58; font-size: 21px; letter-spacing: -0.063px; color: rgb(33, 37, 41); font-family: \"Open Sans\", sans-serif;\">Old mobile phones are worth money</p><p style=\"margin-bottom: 1rem; line-height: 1.58; font-size: 21px; letter-spacing: -0.063px; color: rgb(33, 37, 41); font-family: \"Open Sans\", sans-serif;\">If you are like me, chances are you’ll have a few old mobile phones tucked away somewhere in your home. You may even have several old iPad tablets lying around.</p><p style=\"margin-bottom: 1rem; line-height: 1.58; font-size: 21px; letter-spacing: -0.063px; color: rgb(33, 37, 41); font-family: \"Open Sans\", sans-serif;\">Statista’s latest 2018 data showed that 95.36% of Americans aged 18 to 29 owned a mobile phone. They are followed closely by 30 to 49-year olds (92.65%) and 50 to 64-year olds (72.71%).</p><p style=\"margin-bottom: 1rem; line-height: 1.58; font-size: 21px; letter-spacing: -0.063px; color: rgb(33, 37, 41); font-family: \"Open Sans\", sans-serif;\">The life expectancy of a mobile phone or device usually is 2 years. That means there must be many old mobile devices in American homes. These devices are not likely to be used again as their owners move to newer and better models. They are locked away in cupboards or hidden inside boxes. These electronics have value. Owners can trade them for cash.</p><p style=\"margin-bottom: 1rem; line-height: 1.58; font-size: 21px; letter-spacing: -0.063px; color: rgb(33, 37, 41); font-family: \"Open Sans\", sans-serif;\">Cash? That’s right! Your old mobile phone, tablet or camera can all fetch money. Read on to find out how.</p><p style=\"margin-bottom: 1rem; line-height: 1.58; font-size: 21px; letter-spacing: -0.063px; color: rgb(33, 37, 41); font-family: \"Open Sans\", sans-serif;\">What mobile devices can you sell?</p><p style=\"margin-bottom: 1rem; line-height: 1.58; font-size: 21px; letter-spacing: -0.063px; color: rgb(33, 37, 41); font-family: \"Open Sans\", sans-serif;\">Smartphones, Androids, and Tablets have value in the resale market. So do iPods, digital cameras like GoPro, smart TVs, and smartwatches.</p><p style=\"margin-bottom: 1rem; line-height: 1.58; font-size: 21px; letter-spacing: -0.063px; color: rgb(33, 37, 41); font-family: \"Open Sans\", sans-serif;\">If you have the original box, charger, cables, manual and software, the device could probably fetch a lot more cash.</p><p style=\"margin-bottom: 1rem; line-height: 1.58; font-size: 21px; letter-spacing: -0.063px; color: rgb(33, 37, 41); font-family: \"Open Sans\", sans-serif;\">Where to sell?</p><p style=\"margin-bottom: 1rem; line-height: 1.58; font-size: 21px; letter-spacing: -0.063px; color: rgb(33, 37, 41); font-family: \"Open Sans\", sans-serif;\">Many resellers that will trade cash for your devices and gadgets. These include pawnbrokers, cash converters, second-hand stores, and others. If you do not have the time to visit one of these brick-and-mortar establishments, then you can consider selling the item online</p><p style=\"margin-bottom: 1rem; line-height: 1.58; font-size: 21px; letter-spacing: -0.063px; color: rgb(33, 37, 41); font-family: \"Open Sans\", sans-serif;\">To sell online, you can, do it yourself by posting an ad on eBay or you can use an online trader.</p><p style=\"margin-bottom: 1rem; line-height: 1.58; font-size: 21px; letter-spacing: -0.063px; color: rgb(33, 37, 41); font-family: \"Open Sans\", sans-serif;\">Online buyback traders are quite easy to find. Type in a keyword phrase like ‘sell old iPhone’ and a dozen or so websites will appear in the search engine.</p><p style=\"margin-bottom: 1rem; line-height: 1.58; font-size: 21px; letter-spacing: -0.063px; color: rgb(33, 37, 41); font-family: \"Open Sans\", sans-serif;\">Why sell online?</p><p style=\"margin-bottom: 1rem; line-height: 1.58; font-size: 21px; letter-spacing: -0.063px; color: rgb(33, 37, 41); font-family: \"Open Sans\", sans-serif;\">For a start, online is convenient. Most online buyback traders will also give instant quotes for your item so you will know how much you can make. They pay cash and buy both damaged and undamaged electronics.</p><p style=\"margin-bottom: 1rem; line-height: 1.58; font-size: 21px; letter-spacing: -0.063px; color: rgb(33, 37, 41); font-family: \"Open Sans\", sans-serif;\">Some of the things most businesses will buy include Samsung Androids, iPhones, iPads, iPods, Smart TVs, GoPro, and so forth.</p><p style=\"margin-bottom: 1rem; line-height: 1.58; font-size: 21px; letter-spacing: -0.063px; color: rgb(33, 37, 41); font-family: \"Open Sans\", sans-serif;\">How to find the right buyback trader</p><p style=\"margin-bottom: 1rem; line-height: 1.58; font-size: 21px; letter-spacing: -0.063px; color: rgb(33, 37, 41); font-family: \"Open Sans\", sans-serif;\">When you are sourcing for the best trader, have a look at their website to see the list of items they want to buy. That way you will know that you have an item that has value to them and you’ll not be wasting your time.</p><p style=\"margin-bottom: 1rem; line-height: 1.58; font-size: 21px; letter-spacing: -0.063px; color: rgb(33, 37, 41); font-family: \"Open Sans\", sans-serif;\">Check out the transaction process. You want something that is uncomplicated. Most sites will have easy-to-use pull-down menus to automate the transaction. They may also have drop-off depots or free postage mailing options so you can easily dispense of the device.</p><p style=\"margin-bottom: 1rem; line-height: 1.58; font-size: 21px; letter-spacing: -0.063px; color: rgb(33, 37, 41); font-family: \"Open Sans\", sans-serif;\">An important thing to do when choosing the right trader is to check the testimonials on their website. Word-of-mouth authentication is probably the best way for you to work out if you can trust the trader.</p><p style=\"margin-bottom: 1rem; line-height: 1.58; font-size: 21px; letter-spacing: -0.063px; color: rgb(33, 37, 41); font-family: \"Open Sans\", sans-serif;\">Now that you know your old mobile phone, tablet, smartwatch, TV or digital camera is worth cash, you may want to go through the house this weekend and see what treasures you can find. You never know. That old junk in the drawer may just be able to fetch you some cash.  </p>', '13-blog.jpg', 1, '2018-11-06 14:24:56', '2018-11-06 14:27:04'),
(15, 'blog', 'How and Why You Should Recycle Your Cell Phone', 'blog/how-and-why-you-should-recycle-your-cell-phone', '', '<p style=\"margin-bottom: 1rem; line-height: 1.58; font-size: 21px; letter-spacing: -0.063px; color: rgb(33, 37, 41); font-family: \"Open Sans\", sans-serif;\">How and Why You Should Recycle Your Cell Phone</p><p style=\"margin-bottom: 1rem; line-height: 1.58; font-size: 21px; letter-spacing: -0.063px; color: rgb(33, 37, 41); font-family: \"Open Sans\", sans-serif;\">Do you keep putting your old phones away in a drawer because, like most of us, you have no clue how to dispose them? Or maybe you\'re like the other half of us who throws their phones away once they\'re broken or far beyond usable condition. All these things are just big mistakes we’re making. For many reasons discussed ahead, we should really recycle phones. To find out exactly why and how to, continue reading on!</p><p style=\"margin-bottom: 1rem; line-height: 1.58; font-size: 21px; letter-spacing: -0.063px; color: rgb(33, 37, 41); font-family: \"Open Sans\", sans-serif;\">Why We Need to Recycle Phones</p><p style=\"margin-bottom: 1rem; line-height: 1.58; font-size: 21px; letter-spacing: -0.063px; color: rgb(33, 37, 41); font-family: \"Open Sans\", sans-serif;\">According to research carried out by smart software company Phobio, there are more than 2.3 billion smartphones in use around the globe. By the year 2020, this figure is forecasted to grow by 25 percent.</p><p style=\"margin-bottom: 1rem; line-height: 1.58; font-size: 21px; letter-spacing: -0.063px; color: rgb(33, 37, 41); font-family: \"Open Sans\", sans-serif;\">With so many smartphones in use, there is a huge potential for waste, bringing with it the excellent opportunity to recycle all these smartphones once they are replaced. It is important that these phones are recycled because they contain plastic, copper and many precious metals. By recycling phones, these precious metals will be conserved.</p><p style=\"margin-bottom: 1rem; line-height: 1.58; font-size: 21px; letter-spacing: -0.063px; color: rgb(33, 37, 41); font-family: \"Open Sans\", sans-serif;\">By recycling your phone, you can also help protect the environment. This is because many phones contain hazardous materials such as mercury, lead, arsenic, and cadmium. All these materials should be dealt with in a proper manner through recycling so that they don’t end up in landfills contaminating the water and air there.</p><p style=\"margin-bottom: 1rem; line-height: 1.58; font-size: 21px; letter-spacing: -0.063px; color: rgb(33, 37, 41); font-family: \"Open Sans\", sans-serif;\">How to Recycle Phones</p><p style=\"margin-bottom: 1rem; line-height: 1.58; font-size: 21px; letter-spacing: -0.063px; color: rgb(33, 37, 41); font-family: \"Open Sans\", sans-serif;\">Now that you know why recycling phones is so important, we move on to how you can do this. There are many different ways you can recycle your phone. Some of these methods are discussed below.</p><p style=\"margin-bottom: 1rem; line-height: 1.58; font-size: 21px; letter-spacing: -0.063px; color: rgb(33, 37, 41); font-family: \"Open Sans\", sans-serif;\">Sell Electronics Back to Your Carrier</p><p style=\"margin-bottom: 1rem; line-height: 1.58; font-size: 21px; letter-spacing: -0.063px; color: rgb(33, 37, 41); font-family: \"Open Sans\", sans-serif;\">You can sell your phone to your mobile carrier. Most carriers are ready to buy back your phone in order to recycle it or refurbish it and sell it again. So instead of throwing it away, simply sell your phone for cash back to your carrier. Sometimes the carrier might give you some amount for the old phone, or at other times they might deduct the amount from your next bill.</p><p style=\"margin-bottom: 1rem; line-height: 1.58; font-size: 21px; letter-spacing: -0.063px; color: rgb(33, 37, 41); font-family: \"Open Sans\", sans-serif;\">Places That Buy Phones</p><p style=\"margin-bottom: 1rem; line-height: 1.58; font-size: 21px; letter-spacing: -0.063px; color: rgb(33, 37, 41); font-family: \"Open Sans\", sans-serif;\">If you want to sell your phone and are looking for places that recycle phones, then we’ve listed down below a few places that buy phones to recycle them.</p><p style=\"margin-bottom: 1rem; line-height: 1.58; font-size: 21px; letter-spacing: -0.063px; color: rgb(33, 37, 41); font-family: \"Open Sans\", sans-serif;\">· Sell to retailers like Best Buy, Home Depot, Office Depot, Staples, Lowe’s or Ace Hardware,</p><p style=\"margin-bottom: 1rem; line-height: 1.58; font-size: 21px; letter-spacing: -0.063px; color: rgb(33, 37, 41); font-family: \"Open Sans\", sans-serif;\">· Sell electronics online through eBay, where you will find many eager buyers willing to buy your old phones to use them for their parts.</p><p style=\"margin-bottom: 1rem; line-height: 1.58; font-size: 21px; letter-spacing: -0.063px; color: rgb(33, 37, 41); font-family: \"Open Sans\", sans-serif;\">· Sell electronics online through buyback websites that usually pay higher than your carrier. Simply type in cell phone buyback on google and you will be able to find several buyback companies.</p><p style=\"margin-bottom: 1rem; line-height: 1.58; font-size: 21px; letter-spacing: -0.063px; color: rgb(33, 37, 41); font-family: \"Open Sans\", sans-serif;\">Parting Words - Remember to Recycle!</p><p style=\"margin-bottom: 1rem; line-height: 1.58; font-size: 21px; letter-spacing: -0.063px; color: rgb(33, 37, 41); font-family: \"Open Sans\", sans-serif;\">By now, you must have understood why we need to recycle phones. Apart from helping the environment, you can also earn some extra cash when you sell your phone. It is also advantageous because many carriers or retail outlets might offer you discounts when you bring in your old electronics. So always remember, that instead of letting all your gadgets gather dust in some drawer at home, sell them so they can be recycled!</p>', '15-blog.jpg', 1, '2018-11-21 16:00:06', '2018-12-11 14:00:12'),
(20, 'blog', 'Places That Buy Broken Cell Phones', 'blog/places-that-buy-broken-cell-phones', '', '<p class=\"\" style=\"margin-bottom: 1rem; line-height: 1.58; font-size: 21px; letter-spacing: -0.063px; color: rgb(33, 37, 41); font-family: &quot;Open Sans&quot;, sans-serif;\">Stop leaving your old broke phones all alone in drawers, gathering dust and having no future. Broken and alone, your phones can still have a bright future, and it can benefit you too! While those old phones might just be useless pieces of junk to you now, they can still earn you some extra cash.</p><p style=\"margin-bottom: 1rem; line-height: 1.58; font-size: 21px; letter-spacing: -0.063px; color: rgb(33, 37, 41); font-family: &quot;Open Sans&quot;, sans-serif;\">We can get all those broken phones and gadgets of your hands in no time, because here at OCBuyBack, we’re the perfect place to sell your phone.</p><p style=\"margin-bottom: 1rem; line-height: 1.58; font-size: 21px; letter-spacing: -0.063px; color: rgb(33, 37, 41); font-family: &quot;Open Sans&quot;, sans-serif;\">Why Sell Old Phones?</p><p style=\"margin-bottom: 1rem; line-height: 1.58; font-size: 21px; letter-spacing: -0.063px; color: rgb(33, 37, 41); font-family: &quot;Open Sans&quot;, sans-serif;\">Old phones just add to the millions of phones and gadgets thrown to the waste every day around the globe. Instead, they should be recycled, so tons of possible pollution producing waste is saved. Don’t just put your old iPhone away and forget about it. Sell old phones! There are many companies out there that are interested in buying old phones to recycle them. OCBuyBack is one such company that is everything your old phones need. Sell your phone today and get funds back in return for it too. You have nothing to lose and so much to gain.</p><p style=\"margin-bottom: 1rem; line-height: 1.58; font-size: 21px; letter-spacing: -0.063px; color: rgb(33, 37, 41); font-family: &quot;Open Sans&quot;, sans-serif;\">Some Places That Buy Phones</p><p style=\"margin-bottom: 1rem; line-height: 1.58; font-size: 21px; letter-spacing: -0.063px; color: rgb(33, 37, 41); font-family: &quot;Open Sans&quot;, sans-serif;\">If you’re now wondering oh “where can I sell my phone for a good price?” then look no further because we have the one place you need to sell your phone to: OCBuyBack. Visit us now at https://www.ocbuyback.com/ and follow the following three simple steps to sell your phone for cash:</p><p style=\"margin-bottom: 1rem; line-height: 1.58; font-size: 21px; letter-spacing: -0.063px; color: rgb(33, 37, 41); font-family: &quot;Open Sans&quot;, sans-serif;\">1.	Select the device you want to sell. It can be any gadget as long as it’s written on our trade-in list. This could include your old tablet, any phone, you can sell iPhone X, sell iPhone 8, sell iPhone 7, literally any gadget as long as it’s on the list.</p><p style=\"margin-bottom: 1rem; line-height: 1.58; font-size: 21px; letter-spacing: -0.063px; color: rgb(33, 37, 41); font-family: &quot;Open Sans&quot;, sans-serif;\">2.	Ship the gadget to us, that too for free, or you can also drop it off locally if you want, whatever is more convenient for you.</p><p style=\"margin-bottom: 1rem; line-height: 1.58; font-size: 21px; letter-spacing: -0.063px; color: rgb(33, 37, 41); font-family: &quot;Open Sans&quot;, sans-serif;\">3.	Finally, the step you’ve been waiting for, get paid! Sell your phone for cash and end up with some extra bucks in your wallet almost immediately. We provide a quick and reliable service, one that ensures that you get paid instantly without any risk involved or any hassle for you.</p><p style=\"margin-bottom: 1rem; line-height: 1.58; font-size: 21px; letter-spacing: -0.063px; color: rgb(33, 37, 41); font-family: &quot;Open Sans&quot;, sans-serif;\">If you’re interested in selling your phone in a store, then we also have a list of places that buy phones in stores. Some of them have been listed down below for your help:</p><p style=\"margin-bottom: 1rem; line-height: 1.58; font-size: 21px; letter-spacing: -0.063px; color: rgb(33, 37, 41); font-family: &quot;Open Sans&quot;, sans-serif;\">?	You can sell phones to retailers such as Office Depot, Best Buy, Staples, Ace Hardware, Lowe’s or Home Depot,</p><p style=\"margin-bottom: 1rem; line-height: 1.58; font-size: 21px; letter-spacing: -0.063px; color: rgb(33, 37, 41); font-family: &quot;Open Sans&quot;, sans-serif;\">?	You can sell phones to auctioning places like eBay and get the best price for them but it could take a while.</p><p style=\"margin-bottom: 1rem; line-height: 1.58; font-size: 21px; letter-spacing: -0.063px; color: rgb(33, 37, 41); font-family: &quot;Open Sans&quot;, sans-serif;\">Contact Us Now!</p><p style=\"margin-bottom: 1rem; line-height: 1.58; font-size: 21px; letter-spacing: -0.063px; color: rgb(33, 37, 41); font-family: &quot;Open Sans&quot;, sans-serif;\">Cracked, broken or just old, no matter what’s wrong with your phone, we want to buy it. Not just your phone, but any old gadget you want to sell. Go through our list of gadgets we’re willing to trade-in and start the simple 3 step process to selling your phone right now!</p>', '20-blog.jpg', 1, '2018-11-21 16:04:15', NULL),
(44, 'blog', 'The Best Way To Sell Your iPhone Online', 'blog/the-best-way-to-sell-your-iphone-online', 'How to get to most cash for your used cell phone', '<p open=\"\" sans\",=\"\" sans-serif;\"=\"\" style=\"margin-bottom: 1rem; line-height: 1.58; font-size: 21px; letter-spacing: -0.063px; color: rgb(33, 37, 41);\"><span style=\"font-weight: bolder;\">The Best Way To Sell Your iPhone Online</span></p><p open=\"\" sans\",=\"\" sans-serif;\"=\"\" style=\"margin-bottom: 1rem; line-height: 1.58; font-size: 21px; letter-spacing: -0.063px; color: rgb(33, 37, 41);\"><i>How to get to most cash for your used cell phone</i></p><p open=\"\" sans\",=\"\" sans-serif;\"=\"\" style=\"margin-bottom: 1rem; line-height: 1.58; font-size: 21px; letter-spacing: -0.063px; color: rgb(33, 37, 41);\">The closer we get to a new iPhone model release, the less money your old phone will be worth. It is said that the current iPhone will drop by $100 when the new model is released. The older cell phone models can drop by 10-20 percent. If you want the most trade in value then don’t wait to sell your old phone.</p><p open=\"\" sans\",=\"\" sans-serif;\"=\"\" style=\"margin-bottom: 1rem; line-height: 1.58; font-size: 21px; letter-spacing: -0.063px; color: rgb(33, 37, 41);\">There are many ways to sell your used iPhone, sure you can list your phone on Craigslist or eBay but you will have to wait until it sells, pay fees, pay shipping costs and deal with possible scammers and flakes or you can sell your phone by using a service. <a href=\"https://www.ocbuyback.com/\" style=\"color: rgb(0, 123, 255);\">OCBuyBack.com</a> is a third party buy back company that makes it easy to sell your device by using 3 easy steps. All the price comparisons are done for you so you can rest assure you are getting the highest price for your device and save time too. This is by far the easiest, fastest and safest way to sell your iPhone online. Before I go into detail on the 3 step process here are some important steps to take before selling your phone.</p><p open=\"\" sans\",=\"\" sans-serif;\"=\"\" style=\"margin-bottom: 1rem; line-height: 1.58; font-size: 21px; letter-spacing: -0.063px; color: rgb(33, 37, 41);\"><span style=\"font-weight: bolder;\">Prepping Your Device Before Selling</span></p><p open=\"\" sans\",=\"\" sans-serif;\"=\"\" style=\"margin-bottom: 1rem; line-height: 1.58; font-size: 21px; letter-spacing: -0.063px; color: rgb(33, 37, 41);\">*Backup all your important data</p><p open=\"\" sans\",=\"\" sans-serif;\"=\"\" style=\"margin-bottom: 1rem; line-height: 1.58; font-size: 21px; letter-spacing: -0.063px; color: rgb(33, 37, 41);\">*Turn off “find my iPhone”</p><p open=\"\" sans\",=\"\" sans-serif;\"=\"\" style=\"margin-bottom: 1rem; line-height: 1.58; font-size: 21px; letter-spacing: -0.063px; color: rgb(33, 37, 41);\">*Log out of Apple ID</p><p open=\"\" sans\",=\"\" sans-serif;\"=\"\" style=\"margin-bottom: 1rem; line-height: 1.58; font-size: 21px; letter-spacing: -0.063px; color: rgb(33, 37, 41);\">*Reset all settings and sign out of all apps</p><p open=\"\" sans\",=\"\" sans-serif;\"=\"\" style=\"margin-bottom: 1rem; line-height: 1.58; font-size: 21px; letter-spacing: -0.063px; color: rgb(33, 37, 41);\">*Remove your SIM card*Wipe it clean with a soft cloth and remove from case. Headphones and accessories are not required for cell phones.</p><p open=\"\" sans\",=\"\" sans-serif;\"=\"\" style=\"margin-bottom: 1rem; line-height: 1.58; font-size: 21px; letter-spacing: -0.063px; color: rgb(33, 37, 41);\"><span style=\"font-weight: bolder;\">Step 1: Select your device</span></p><p open=\"\" sans\",=\"\" sans-serif;\"=\"\" style=\"margin-bottom: 1rem; line-height: 1.58; font-size: 21px; letter-spacing: -0.063px; color: rgb(33, 37, 41);\">Go to <a href=\"https://www.ocbuyback.com/\" style=\"color: rgb(0, 123, 255);\">OCBuyBack.com</a>, click on “<a href=\"https://www.ocbuyback.com/\" style=\"color: rgb(0, 123, 255);\">Get Your Cash</a>”, then select the device you want to sell. You will need to know the Model, Carrier, Gigabyte, and condition (I will explain the conditions below). Once you have selected your phone details then you will get an offer. Click on “<a href=\"https://www.ocbuyback.com/sell/cell-phone/apple\" style=\"color: rgb(0, 123, 255);\">Sell Now</a>”</p><p open=\"\" sans\",=\"\" sans-serif;\"=\"\" style=\"margin-bottom: 1rem; line-height: 1.58; font-size: 21px; letter-spacing: -0.063px; color: rgb(33, 37, 41);\"><span style=\"font-weight: bolder;\">Step 2: Select how you want to ship</span></p><p open=\"\" sans\",=\"\" sans-serif;\"=\"\" style=\"margin-bottom: 1rem; line-height: 1.58; font-size: 21px; letter-spacing: -0.063px; color: rgb(33, 37, 41);\">For this section we have 3 options;</p><p open=\"\" sans\",=\"\" sans-serif;\"=\"\" style=\"margin-bottom: 1rem; line-height: 1.58; font-size: 21px; letter-spacing: -0.063px; color: rgb(33, 37, 41);\">Prepaid Label: Print out a free shipping label and use your own box to ship</p><p open=\"\" sans\",=\"\" sans-serif;\"=\"\" style=\"margin-bottom: 1rem; line-height: 1.58; font-size: 21px; letter-spacing: -0.063px; color: rgb(33, 37, 41);\">Shipping Kit: Get a free shipping box kit with label sent to you (slowest turnaround process)</p><p open=\"\" sans\",=\"\" sans-serif;\"=\"\" style=\"margin-bottom: 1rem; line-height: 1.58; font-size: 21px; letter-spacing: -0.063px; color: rgb(33, 37, 41);\">Local Drop Off: Drop off your phone to our local drop off center located in Brea, CA.</p><p open=\"\" sans\",=\"\" sans-serif;\"=\"\" style=\"margin-bottom: 1rem; line-height: 1.58; font-size: 21px; letter-spacing: -0.063px; color: rgb(33, 37, 41);\"><span style=\"font-weight: bolder;\">Step 3: Select how you want to get paid</span></p><p open=\"\" sans\",=\"\" sans-serif;\"=\"\" style=\"margin-bottom: 1rem; line-height: 1.58; font-size: 21px; letter-spacing: -0.063px; color: rgb(33, 37, 41);\">You may select from 3 options</p><p open=\"\" sans\",=\"\" sans-serif;\"=\"\" style=\"margin-bottom: 1rem; line-height: 1.58; font-size: 21px; letter-spacing: -0.063px; color: rgb(33, 37, 41);\">Paypal: Immediate cash in your account issued on the same business day that your phone is received (3% PayPal processing fee applies).</p><p open=\"\" sans\",=\"\" sans-serif;\"=\"\" style=\"margin-bottom: 1rem; line-height: 1.58; font-size: 21px; letter-spacing: -0.063px; color: rgb(33, 37, 41);\">Check: A check will be issued and sent out via USPS mail on the same business day the phone is received. Delivery usually takes between 2-5 business days.</p><p open=\"\" sans\",=\"\" sans-serif;\"=\"\" style=\"margin-bottom: 1rem; line-height: 1.58; font-size: 21px; letter-spacing: -0.063px; color: rgb(33, 37, 41);\">Cash: This option is only available for local drop off</p><p open=\"\" sans\",=\"\" sans-serif;\"=\"\" style=\"margin-bottom: 1rem; line-height: 1.58; font-size: 21px; letter-spacing: -0.063px; color: rgb(33, 37, 41);\"><span style=\"font-weight: bolder;\">Device Condition</span></p><p open=\"\" sans\",=\"\" sans-serif;\"=\"\" style=\"margin-bottom: 1rem; line-height: 1.58; font-size: 21px; letter-spacing: -0.063px; color: rgb(33, 37, 41);\">You will get the most cash if your phone is in mint condition but you will still do well if it’s in good condition. Most used cell phones fall under the “good” condition category, if you are unsure of the condition of your phone this is a good place to start. As long as your cell phone does not have a cracked screen or back, all buttons, mics, and speakers are working well, the phone holds its charge and turns on, your phone will be considered “good” condition.</p><p open=\"\" sans\",=\"\" sans-serif;\"=\"\" style=\"margin-bottom: 1rem; line-height: 1.58; font-size: 21px; letter-spacing: -0.063px; color: rgb(33, 37, 41);\">Like New:</p><p open=\"\" sans\",=\"\" sans-serif;\"=\"\" style=\"margin-bottom: 1rem; line-height: 1.58; font-size: 21px; letter-spacing: -0.063px; color: rgb(33, 37, 41);\">Your item is in Like New condition if it is in 100% perfect condition like new out of the box, no scratches or scuffs. Battery health must show above 90% for iPhones under Battery Health in the settings</p><p open=\"\" sans\",=\"\" sans-serif;\"=\"\" style=\"margin-bottom: 1rem; line-height: 1.58; font-size: 21px; letter-spacing: -0.063px; color: rgb(33, 37, 41);\">Good Condition:</p><p open=\"\" sans\",=\"\" sans-serif;\"=\"\" style=\"margin-bottom: 1rem; line-height: 1.58; font-size: 21px; letter-spacing: -0.063px; color: rgb(33, 37, 41);\">Good condition is the most common device condition. Average wear & tear consistent with normal use but 100% fully functional. No water damage.</p><p open=\"\" sans\",=\"\" sans-serif;\"=\"\" style=\"margin-bottom: 1rem; line-height: 1.58; font-size: 21px; letter-spacing: -0.063px; color: rgb(33, 37, 41);\"><span style=\"font-weight: bolder;\">What if your iPhone is damaged?</span></p><p open=\"\" sans\",=\"\" sans-serif;\"=\"\" style=\"margin-bottom: 1rem; line-height: 1.58; font-size: 21px; letter-spacing: -0.063px; color: rgb(33, 37, 41);\">Don’t worry you can still sell a damaged iPhone. If it has a cracked or broken screen don’t bother to repair before selling it’s not worth it, plus cheap parts can ruin your phone.</p><p open=\"\" sans\",=\"\" sans-serif;\"=\"\" style=\"margin-bottom: 1rem; line-height: 1.58; font-size: 21px; letter-spacing: -0.063px; color: rgb(33, 37, 41);\">Minor Damage</p><p open=\"\" sans\",=\"\" sans-serif;\"=\"\" style=\"margin-bottom: 1rem; line-height: 1.58; font-size: 21px; letter-spacing: -0.063px; color: rgb(33, 37, 41);\">Minor damage is one of any of the following: cracked screen with touch response and no dark spots or dead pixels, cracked camera, bad button, or bad headphone jack. If your items have more than one these issues it will be considered as damaged. Any items with water damage will be considered DAMAGED even if functioning.</p><p open=\"\" sans\",=\"\" sans-serif;\"=\"\" style=\"margin-bottom: 1rem; line-height: 1.58; font-size: 21px; letter-spacing: -0.063px; color: rgb(33, 37, 41);\">Damaged</p><p open=\"\" sans\",=\"\" sans-serif;\"=\"\" style=\"margin-bottom: 1rem; line-height: 1.58; font-size: 21px; letter-spacing: -0.063px; color: rgb(33, 37, 41);\">Any device that is damaged with more than one issue from the minor damage category, water damage, bent and/or dented housing, cracked LCD with no display.</p><p open=\"\" sans\",=\"\" sans-serif;\"=\"\" style=\"margin-bottom: 1rem; line-height: 1.58; font-size: 21px; letter-spacing: -0.063px; color: rgb(33, 37, 41);\"><span style=\"font-weight: bolder;\">Order Tracking</span></p><p open=\"\" sans\",=\"\" sans-serif;\"=\"\" style=\"margin-bottom: 1rem; line-height: 1.58; font-size: 21px; letter-spacing: -0.063px; color: rgb(33, 37, 41);\">You are in control! You are given a tracking number and receive email updates on every step of the process. You may call, text or email with any questions you may have. Don’t worry your device is in good hands, OCBuyBack ensures every device is thoroughly tested using PhoneCheck and payment is issued immediately thereafter.</p><p open=\"\" sans\",=\"\" sans-serif;\"=\"\" style=\"margin-bottom: 1rem; line-height: 1.58; font-size: 21px; letter-spacing: -0.063px; color: rgb(33, 37, 41);\"><span style=\"font-weight: bolder;\">Who is OCBuyBack?</span></p><p open=\"\" sans\",=\"\" sans-serif;\"=\"\" style=\"margin-bottom: 1rem; line-height: 1.58; font-size: 21px; letter-spacing: -0.063px; color: rgb(33, 37, 41);\">OCBuyBack is a buy back company providing a service to sell your used or broken iPhone for the highest payout. Based out of Brea, CA with over 6 years experience in buybacks. They started locally and have recently launched <a href=\"https://www.ocbuyback.com/sell/cell-phone/apple\" style=\"color: rgb(0, 123, 255);\">OCBuyBack.com</a> to be able to offer high payouts to everyone in the U.S.A.</p><p open=\"\" sans\",=\"\" sans-serif;\"=\"\" style=\"margin-bottom: 1rem; line-height: 1.58; font-size: 21px; letter-spacing: -0.063px; color: rgb(33, 37, 41);\"><span style=\"font-weight: bolder;\">5 Star Reviews</span></p><p open=\"\" sans\",=\"\" sans-serif;\"=\"\" style=\"margin-bottom: 1rem; line-height: 1.58; font-size: 21px; letter-spacing: -0.063px; color: rgb(33, 37, 41);\"><a href=\"https://g.co/kgs/N9dJJY\" style=\"color: rgb(0, 123, 255);\">OCBuyBack</a> has great reviews on Google and <a href=\"https://www.trustpilot.com/review/www.ocbuyback.com\" style=\"color: rgb(0, 123, 255);\">Trustpilot</a>. Here are some of the things customers are saying about OCBuyBack:</p><p open=\"\" sans\",=\"\" sans-serif;\"=\"\" style=\"margin-bottom: 1rem; line-height: 1.58; font-size: 21px; letter-spacing: -0.063px; color: rgb(33, 37, 41);\">“<a href=\"https://g.co/kgs/N9dJJY\" style=\"color: rgb(0, 123, 255);\">They provided a very competitive price on my iPhone 10. Customer service was superb. I will definitely use them again</a>.”- Lake Elsinore, CA</p><p open=\"\" sans\",=\"\" sans-serif;\"=\"\" style=\"margin-bottom: 1rem; line-height: 1.58; font-size: 21px; letter-spacing: -0.063px; color: rgb(33, 37, 41);\">“<a href=\"https://g.co/kgs/N9dJJY\" style=\"color: rgb(0, 123, 255);\">This was the easiest transaction I ever had selling my phone. In a matter of 4 days I had a check in my hand and for more than anyone else offered. I would recommend OC BuyBack to anyone trying to sell their phone.</a>” - Boca Raton, Florida.</p><p open=\"\" sans\",=\"\" sans-serif;\"=\"\" style=\"margin-bottom: 1rem; line-height: 1.58; font-size: 21px; letter-spacing: -0.063px; color: rgb(33, 37, 41);\">“Awesome service. <a href=\"https://www.trustpilot.com/review/www.ocbuyback.com\" style=\"color: rgb(0, 123, 255);\">There aren’t any words that can describe how honest and helpful the owner is. I looked all over the place and went to a few, this place is by far the best service I could ever ask for. You won’t be disappointed coming here. They’re awesome and fast as well</a>.” -Huntington Beach, CA</p><p open=\"\" sans\",=\"\" sans-serif;\"=\"\" style=\"margin-bottom: 1rem; line-height: 1.58; font-size: 21px; letter-spacing: -0.063px; color: rgb(33, 37, 41);\">Using a service like OCBuyBack is the best way to sell your iPhone online. No hassles, no meeting up with strangers just 3 easy steps to turn your old phone into cash. Simply select your device, Choose to ship for free or drop it off locally and then get cash in your pocket. No need to call around for the highest quote, <a href=\"https://www.ocbuyback.com/\" style=\"color: rgb(0, 123, 255);\">OCBuyBack</a> does that for you. It can’t get better than that! </p>', '44-blog.jpg', 1, '2019-01-24 12:30:15', '2019-01-24 12:35:57'),
(45, 'blog', 'How to Check if Your Phone Has Clean ESN or IMEI', 'blog/how-to-check-if-your-phone-has-clean-esn-or-imei', '', '<p style=\"margin-bottom: 1rem; line-height: 1.58; font-size: 21px; letter-spacing: -0.063px; color: rgb(33, 37, 41); font-family: &quot;Open Sans&quot;, sans-serif;\">How to Check if Your Phone Has Clean ESN or IMEI</p><p style=\"margin-bottom: 1rem; line-height: 1.58; font-size: 21px; letter-spacing: -0.063px; color: rgb(33, 37, 41); font-family: &quot;Open Sans&quot;, sans-serif;\">Are you in the market of buying or selling an iPhone? This guide will help you ensure you are buying a clean IMEI device and/or selling one too. We will explain what an IMEI is, where to find it and how to check its status.</p><p style=\"margin-bottom: 1rem; line-height: 1.58; font-size: 21px; letter-spacing: -0.063px; color: rgb(33, 37, 41); font-family: &quot;Open Sans&quot;, sans-serif;\">Phones are identified by serial number and an IMEI/ESN number (International Mobile Equipment Identity or Electronic Serial Number). Note that the serial number is different than the IMEI number. The IMEI number is a unique 15-17-digit code that identifies smartphones. Mobile network providers can block the IMEI number for various reasons. Some of those reasons include:</p><p style=\"margin-bottom: 1rem; line-height: 1.58; font-size: 21px; letter-spacing: -0.063px; color: rgb(33, 37, 41); font-family: &quot;Open Sans&quot;, sans-serif;\">1.	The phone has an outstanding balance that has not been paid off by the original owner.</p><p style=\"margin-bottom: 1rem; line-height: 1.58; font-size: 21px; letter-spacing: -0.063px; color: rgb(33, 37, 41); font-family: &quot;Open Sans&quot;, sans-serif;\">2.	The phone is still active on someone else’s account</p><p style=\"margin-bottom: 1rem; line-height: 1.58; font-size: 21px; letter-spacing: -0.063px; color: rgb(33, 37, 41); font-family: &quot;Open Sans&quot;, sans-serif;\">3.	The phone has been reported lost or stolen</p><p style=\"margin-bottom: 1rem; line-height: 1.58; font-size: 21px; letter-spacing: -0.063px; color: rgb(33, 37, 41); font-family: &quot;Open Sans&quot;, sans-serif;\">If a device has a blocked IMEI number the user will not be able to activate that device on their account.</p><p style=\"margin-bottom: 1rem; line-height: 1.58; font-size: 21px; letter-spacing: -0.063px; color: rgb(33, 37, 41); font-family: &quot;Open Sans&quot;, sans-serif;\">Before you sell your phone make sure you pay off any balance due on the device. After, contact your carrier to deactivate the phone from your account. If you lost your device and reported it as lost to your carrier for insurance purposes but then found the phone, you will need to call your carrier provider and let them know you found your phone. Otherwise, the device will still have bad ESN and will not be able to be activated by another user.</p><p style=\"margin-bottom: 1rem; line-height: 1.58; font-size: 21px; letter-spacing: -0.063px; color: rgb(33, 37, 41); font-family: &quot;Open Sans&quot;, sans-serif;\">Where can you find the IMEI number on your device?</p><p style=\"margin-bottom: 1rem; line-height: 1.58; font-size: 21px; letter-spacing: -0.063px; color: rgb(33, 37, 41); font-family: &quot;Open Sans&quot;, sans-serif;\">For iPhones Go to General -&gt; Settings-&gt; About -&gt; Scroll down to IMEI</p><p style=\"margin-bottom: 1rem; line-height: 1.58; font-size: 21px; letter-spacing: -0.063px; color: rgb(33, 37, 41); font-family: &quot;Open Sans&quot;, sans-serif;\">For Samsung Phones you can find the Settings-&gt; About Phone-&gt; Status -&gt; IMEI Number</p><p style=\"margin-bottom: 1rem; line-height: 1.58; font-size: 21px; letter-spacing: -0.063px; color: rgb(33, 37, 41); font-family: &quot;Open Sans&quot;, sans-serif;\"></p><p style=\"margin-bottom: 1rem; line-height: 1.58; font-size: 21px; letter-spacing: -0.063px; color: rgb(33, 37, 41); font-family: &quot;Open Sans&quot;, sans-serif;\">If you are in the market for a second-hand phone please make sure to check the ESN status prior to purchase. There a multiple website that allow the consumer to check the ESN Status. Some of those sites include:</p><p style=\"margin-bottom: 1rem; line-height: 1.58; font-size: 21px; letter-spacing: -0.063px; color: rgb(33, 37, 41); font-family: &quot;Open Sans&quot;, sans-serif;\">For AT&amp;T Phones https://m.att.com/shopmobile/wireless/byop/checkIMEI.html</p><p style=\"margin-bottom: 1rem; line-height: 1.58; font-size: 21px; letter-spacing: -0.063px; color: rgb(33, 37, 41); font-family: &quot;Open Sans&quot;, sans-serif;\">For Verizon Phones https://m.att.com/shopmobile/wireless/byop/checkIMEI.html</p><p style=\"margin-bottom: 1rem; line-height: 1.58; font-size: 21px; letter-spacing: -0.063px; color: rgb(33, 37, 41); font-family: &quot;Open Sans&quot;, sans-serif;\">For Sprint Phones https://ting.com/byod</p><p style=\"margin-bottom: 1rem; line-height: 1.58; font-size: 21px; letter-spacing: -0.063px; color: rgb(33, 37, 41); font-family: &quot;Open Sans&quot;, sans-serif;\">For T-Mobile Phones https://www.t-mobile.com/verifyIMEI.aspx</p><p style=\"margin-bottom: 1rem; line-height: 1.58; font-size: 21px; letter-spacing: -0.063px; color: rgb(33, 37, 41); font-family: &quot;Open Sans&quot;, sans-serif;\">If you have a device that does not use any of these carriers then you can use the following sites:</p><p style=\"margin-bottom: 1rem; line-height: 1.58; font-size: 21px; letter-spacing: -0.063px; color: rgb(33, 37, 41); font-family: &quot;Open Sans&quot;, sans-serif;\">1.	Swappa.com https://swappa.com/esn</p><p style=\"margin-bottom: 1rem; line-height: 1.58; font-size: 21px; letter-spacing: -0.063px; color: rgb(33, 37, 41); font-family: &quot;Open Sans&quot;, sans-serif;\">2.	Checkesnfree.com</p><p style=\"margin-bottom: 1rem; line-height: 1.58; font-size: 21px; letter-spacing: -0.063px; color: rgb(33, 37, 41); font-family: &quot;Open Sans&quot;, sans-serif;\">3.	Stolenphonechecker.com</p><p style=\"margin-bottom: 1rem; line-height: 1.58; font-size: 21px; letter-spacing: -0.063px; color: rgb(33, 37, 41); font-family: &quot;Open Sans&quot;, sans-serif;\">When buying or selling an iPhone or any smartphone please make sure to check the ESN status beforehand. This will ensure you don’t waste time and money specially when buying second-hand. I hope this information is helpful in your next purchase or sell of your smartphone.&nbsp;</p>', '45-blog.jpg', 1, '2019-01-24 13:16:23', NULL);
INSERT INTO `blogs` (`id`, `post_type`, `title`, `slug`, `description`, `content`, `image`, `status`, `created_at`, `updated_at`) VALUES
(50, 'blog', '5 Steps to Get the Most Money Selling an Old or Broken iPad', 'blog/5-steps-to-get-the-most-money-selling-an-old-or-broken-ipad', 'Do you have an old or broken iPad just sitting around collecting dust? Why not recycle your old iPad and earn some extra cash by doing so? The longer you hold onto your iPad the more it will lose its value even if you have only used it a few times. ', '<p style=\"margin-bottom: 1rem; line-height: 1.58; font-size: 21px; letter-spacing: -0.063px; color: rgb(33, 37, 41); font-family: \"Open Sans\", sans-serif;\"><span style=\"font-weight: bolder;\">5 Steps to Get the Most Money Selling an Old or Broken iPad</span></p><p style=\"margin-bottom: 1rem; line-height: 1.58; font-size: 21px; letter-spacing: -0.063px; color: rgb(33, 37, 41); font-family: \"Open Sans\", sans-serif;\"><span style=\"font-weight: bolder;\"></span></p><p style=\"margin-bottom: 1rem; line-height: 1.58; font-size: 21px; letter-spacing: -0.063px; color: rgb(33, 37, 41); font-family: \"Open Sans\", sans-serif;\">Do you have an old or broken iPad just sitting around collecting dust? Why not recycle your old iPad and earn some extra cash by doing so? The longer you hold onto your iPad the more it will lose its value even if you have only used it a few times. </p><p style=\"margin-bottom: 1rem; line-height: 1.58; font-size: 21px; letter-spacing: -0.063px; color: rgb(33, 37, 41); font-family: \"Open Sans\", sans-serif;\"></p><p style=\"margin-bottom: 1rem; line-height: 1.58; font-size: 21px; letter-spacing: -0.063px; color: rgb(33, 37, 41); font-family: \"Open Sans\", sans-serif;\"><span style=\"font-weight: bolder;\">Steps to Sell Your Used iPad for the Most Cash</span></p><p style=\"margin-bottom: 1rem; line-height: 1.58; font-size: 21px; letter-spacing: -0.063px; color: rgb(33, 37, 41); font-family: \"Open Sans\", sans-serif;\"><span style=\"font-weight: bolder;\"></span></p><p style=\"margin-bottom: 1rem; line-height: 1.58; font-size: 21px; letter-spacing: -0.063px; color: rgb(33, 37, 41); font-family: \"Open Sans\", sans-serif;\"><span style=\"font-weight: bolder;\">Step 1: Back it up</span></p><p style=\"margin-bottom: 1rem; line-height: 1.58; font-size: 21px; letter-spacing: -0.063px; color: rgb(33, 37, 41); font-family: \"Open Sans\", sans-serif;\">If you don\'t have anything important you wish to save then you can skip this step. However if you have photos, contacts, or anything else that you want to transfer to your new iPad then this as an important step for you. </p><p style=\"margin-bottom: 1rem; line-height: 1.58; font-size: 21px; letter-spacing: -0.063px; color: rgb(33, 37, 41); font-family: \"Open Sans\", sans-serif;\"><span style=\"font-weight: bolder;\"></span></p><p style=\"margin-bottom: 1rem; line-height: 1.58; font-size: 21px; letter-spacing: -0.063px; color: rgb(33, 37, 41); font-family: \"Open Sans\", sans-serif;\"><span style=\"font-weight: bolder;\">The easiest way to backup your iPad (and not use up all your iCloud storage) is by plugging it into your computer and opening iTunes.</span></p><p style=\"margin-bottom: 1rem; line-height: 1.58; font-size: 21px; letter-spacing: -0.063px; color: rgb(33, 37, 41); font-family: \"Open Sans\", sans-serif;\"><span style=\"font-weight: bolder;\"></span></p><p style=\"margin-bottom: 1rem; line-height: 1.58; font-size: 21px; letter-spacing: -0.063px; color: rgb(33, 37, 41); font-family: \"Open Sans\", sans-serif;\">Once you plug in your iPad and open iTunes, it will automatically start backing it up. If for some reason it doesn\'t do so you can also manually start the back up process and save all your important information for future use. </p><p style=\"margin-bottom: 1rem; line-height: 1.58; font-size: 21px; letter-spacing: -0.063px; color: rgb(33, 37, 41); font-family: \"Open Sans\", sans-serif;\"></p><p style=\"margin-bottom: 1rem; line-height: 1.58; font-size: 21px; letter-spacing: -0.063px; color: rgb(33, 37, 41); font-family: \"Open Sans\", sans-serif;\"><span style=\"font-weight: bolder;\">Step 2: Sign out of iCloud</span></p><p style=\"margin-bottom: 1rem; line-height: 1.58; font-size: 21px; letter-spacing: -0.063px; color: rgb(33, 37, 41); font-family: \"Open Sans\", sans-serif;\">Open up your settings, tap on your name, scroll down the page and click “Sign Out.” You’ll be prompted to enter your password and then hit “Turn Off.” If your iPad is broken and you cant sign out from the iPad you can also sign out of your iCloud account remotely from your computer.<span style=\"font-weight: bolder;\"></span></p><p style=\"margin-bottom: 1rem; line-height: 1.58; font-size: 21px; letter-spacing: -0.063px; color: rgb(33, 37, 41); font-family: \"Open Sans\", sans-serif;\"></p><p style=\"margin-bottom: 1rem; line-height: 1.58; font-size: 21px; letter-spacing: -0.063px; color: rgb(33, 37, 41); font-family: \"Open Sans\", sans-serif;\"><span style=\"font-weight: bolder;\">Step 3: Erase your iPad</span></p><p style=\"margin-bottom: 1rem; line-height: 1.58; font-size: 21px; letter-spacing: -0.063px; color: rgb(33, 37, 41); font-family: \"Open Sans\", sans-serif;\">Go back to your settings. This time, go to <i>General > Reset > Erase All Content and Settings</i>. You may be prompted to enter a password. After select \"<i>Erase iPad</i>\".</p><p style=\"margin-bottom: 1rem; line-height: 1.58; font-size: 21px; letter-spacing: -0.063px; color: rgb(33, 37, 41); font-family: \"Open Sans\", sans-serif;\"></p><p style=\"margin-bottom: 1rem; line-height: 1.58; font-size: 21px; letter-spacing: -0.063px; color: rgb(33, 37, 41); font-family: \"Open Sans\", sans-serif;\"><span style=\"font-weight: bolder;\">Step 4: Gather your iPads accessories and box that it came with</span></p><p style=\"margin-bottom: 1rem; line-height: 1.58; font-size: 21px; letter-spacing: -0.063px; color: rgb(33, 37, 41); font-family: \"Open Sans\", sans-serif;\">If you don\'t have the accessories or box anymore do not worry you can still sell it. But, if you do have them it will help bring up the value ensuring you get the most cash for your iPad.</p><p style=\"margin-bottom: 1rem; line-height: 1.58; font-size: 21px; letter-spacing: -0.063px; color: rgb(33, 37, 41); font-family: \"Open Sans\", sans-serif;\">? Original iPad box</p><p style=\"margin-bottom: 1rem; line-height: 1.58; font-size: 21px; letter-spacing: -0.063px; color: rgb(33, 37, 41); font-family: \"Open Sans\", sans-serif;\">? Apple charging cable</p><p style=\"margin-bottom: 1rem; line-height: 1.58; font-size: 21px; letter-spacing: -0.063px; color: rgb(33, 37, 41); font-family: \"Open Sans\", sans-serif;\">? Apple wall adapter</p><p style=\"margin-bottom: 1rem; line-height: 1.58; font-size: 21px; letter-spacing: -0.063px; color: rgb(33, 37, 41); font-family: \"Open Sans\", sans-serif;\">? Headphone (if unused in original packaging)</p><p style=\"margin-bottom: 1rem; line-height: 1.58; font-size: 21px; letter-spacing: -0.063px; color: rgb(33, 37, 41); font-family: \"Open Sans\", sans-serif;\"></p><p style=\"margin-bottom: 1rem; line-height: 1.58; font-size: 21px; letter-spacing: -0.063px; color: rgb(33, 37, 41); font-family: \"Open Sans\", sans-serif;\"><span style=\"font-weight: bolder;\">Step 5: Find the best place to sell your iPad for the best price</span></p><p style=\"margin-bottom: 1rem; line-height: 1.58; font-size: 21px; letter-spacing: -0.063px; color: rgb(33, 37, 41); font-family: \"Open Sans\", sans-serif;\">There are many ways and places that you can sell your iPad.</p><p style=\"margin-bottom: 1rem; line-height: 1.58; font-size: 21px; letter-spacing: -0.063px; color: rgb(33, 37, 41); font-family: \"Open Sans\", sans-serif;\"></p><p style=\"margin-bottom: 1rem; line-height: 1.58; font-size: 21px; letter-spacing: -0.063px; color: rgb(33, 37, 41); font-family: \"Open Sans\", sans-serif;\"><span style=\"font-weight: bolder;\">Option 1: Sell your iPad yourself</span></p><p style=\"margin-bottom: 1rem; line-height: 1.58; font-size: 21px; letter-spacing: -0.063px; color: rgb(33, 37, 41); font-family: \"Open Sans\", sans-serif;\">You can sell your iPad through sites like Craigslist, Offer Up, or Facebook Marketplace. However you will have to deal with buyers haggling you on price or people flaking on the meet up. After you find a buyer you still have to set up a time and place to meet that is OK for both parties. This can be frustrating and often times just not worth the hassle.</p><p style=\"margin-bottom: 1rem; line-height: 1.58; font-size: 21px; letter-spacing: -0.063px; color: rgb(33, 37, 41); font-family: \"Open Sans\", sans-serif;\"></p><p style=\"margin-bottom: 1rem; line-height: 1.58; font-size: 21px; letter-spacing: -0.063px; color: rgb(33, 37, 41); font-family: \"Open Sans\", sans-serif;\"><span style=\"font-weight: bolder;\">Option 2: Sell it to a 3rd party retailer</span></p><p style=\"margin-bottom: 1rem; line-height: 1.58; font-size: 21px; letter-spacing: -0.063px; color: rgb(33, 37, 41); font-family: \"Open Sans\", sans-serif;\">You can sell your iPad through eBay or Amazon but you will be charged an arm and a leg on fees. Your carrier store like Verizon or AT&T also buyback old iPad\'s but only offer store credit that you have to spend at their stores. Like the old phrase goes \"<i>Cash is KING</i>\"</p><p style=\"margin-bottom: 1rem; line-height: 1.58; font-size: 21px; letter-spacing: -0.063px; color: rgb(33, 37, 41); font-family: \"Open Sans\", sans-serif;\"></p><p style=\"margin-bottom: 1rem; line-height: 1.58; font-size: 21px; letter-spacing: -0.063px; color: rgb(33, 37, 41); font-family: \"Open Sans\", sans-serif;\"><span style=\"font-weight: bolder;\">Option 3: Get a quote from us and sell your iPad today</span></p><p style=\"margin-bottom: 1rem; line-height: 1.58; font-size: 21px; letter-spacing: -0.063px; color: rgb(33, 37, 41); font-family: \"Open Sans\", sans-serif;\">Here at <a href=\"https://www.ocbuyback.com/\" style=\"color: rgb(0, 123, 255);\">OCBuyBack.com</a> we have an easy to use process without any fees or tricks. After you enter your iPads model and condition you will receive an instant quote. We will provide you with a free prepaid shipping label and a shipping kit if you do not have a box. We also offer local drop at our location in Brea California.  Next select the payment method you prefer; check or PayPal. Payments are processed within 24 hours of your device being received and inspected.  We make selling your old iPad super simple without the hassle. Let us do the hard work for you!</p><p style=\"margin-bottom: 1rem; line-height: 1.58; font-size: 21px; letter-spacing: -0.063px; color: rgb(33, 37, 41); font-family: \"Open Sans\", sans-serif;\"></p><p style=\"margin-bottom: 1rem; line-height: 1.58; font-size: 21px; letter-spacing: -0.063px; color: rgb(33, 37, 41); font-family: \"Open Sans\", sans-serif;\"><a href=\"https://www.ocbuyback.com/sell/tablet/apple\" style=\"color: rgb(0, 123, 255);\">Click here to get an instant quote for your used iPad and start selling today!</a></p>', '50-blog.jpg', 1, '2019-01-24 13:28:59', '2019-01-24 13:29:58'),
(52, 'blog', 'iPhone Keynote Speech 2018 - The Highlights', 'blog/iphone-keynote-speech-2018-the-highlights', '3 new phones and the Apple Watch 4 would be hitting the market in the coming months.', '<p style=\"margin-bottom: 1rem; line-height: 1.58; font-size: 21px; letter-spacing: -0.063px; color: rgb(33, 37, 41); font-family: &quot;Open Sans&quot;, sans-serif;\">Thousands of excited tech-fans flocked to Cupertino, California on Wednesday September 12th in order to get a sneak peek at the newest products which will soon be available. The event took place in the Steve Jobs Theater at Apple HQ and the announcements were widely met with enthusiasm. Fans were excited to hear that 3 new phones and the Apple Watch 4 would be hitting the market in the coming months. Just in time for Christmas of course!</p><p style=\"margin-bottom: 1rem; line-height: 1.58; font-size: 21px; letter-spacing: -0.063px; color: rgb(33, 37, 41); font-family: &quot;Open Sans&quot;, sans-serif;\">iPhone Xs</p><p style=\"margin-bottom: 1rem; line-height: 1.58; font-size: 21px; letter-spacing: -0.063px; color: rgb(33, 37, 41); font-family: &quot;Open Sans&quot;, sans-serif;\">The iPhone Xs uses the same super retina display that was so popular on the iPhone X. This OLED technology is able to capture colors and contrast with more accuracy than any previous display. The screen is slightly bigger than that of the iPhone X at 5.8 inches. The phone is also installed with state of the art processing technology. The A12 Bionic chip is capable of performing 5 trillion operations per second. Coincidentally, the A11 chip was only able to perform 600 billion operations per second. In addition, the image capturing quality of the Xs has been improved with smarter HDR technology. This will reduce the amount of blur on photos even when they are taken at high speeds. Apple has also announced that the battery life of an Xs will be around 30 minutes longer than its predecessor.</p><p style=\"margin-bottom: 1rem; line-height: 1.58; font-size: 21px; letter-spacing: -0.063px; color: rgb(33, 37, 41); font-family: &quot;Open Sans&quot;, sans-serif;\">Features:</p><p style=\"margin-bottom: 1rem; line-height: 1.58; font-size: 21px; letter-spacing: -0.063px; color: rgb(33, 37, 41); font-family: &quot;Open Sans&quot;, sans-serif;\">?	Six-core CPU</p><p style=\"margin-bottom: 1rem; line-height: 1.58; font-size: 21px; letter-spacing: -0.063px; color: rgb(33, 37, 41); font-family: &quot;Open Sans&quot;, sans-serif;\">?	Four-core GPU</p><p style=\"margin-bottom: 1rem; line-height: 1.58; font-size: 21px; letter-spacing: -0.063px; color: rgb(33, 37, 41); font-family: &quot;Open Sans&quot;, sans-serif;\">?	IP68 waterproof rating</p><p style=\"margin-bottom: 1rem; line-height: 1.58; font-size: 21px; letter-spacing: -0.063px; color: rgb(33, 37, 41); font-family: &quot;Open Sans&quot;, sans-serif;\">?	Storage from 64GB to 512GB</p><p style=\"margin-bottom: 1rem; line-height: 1.58; font-size: 21px; letter-spacing: -0.063px; color: rgb(33, 37, 41); font-family: &quot;Open Sans&quot;, sans-serif;\">?	7 MP front camera</p><p style=\"margin-bottom: 1rem; line-height: 1.58; font-size: 21px; letter-spacing: -0.063px; color: rgb(33, 37, 41); font-family: &quot;Open Sans&quot;, sans-serif;\">?	12 MP dual Camera</p><p style=\"margin-bottom: 1rem; line-height: 1.58; font-size: 21px; letter-spacing: -0.063px; color: rgb(33, 37, 41); font-family: &quot;Open Sans&quot;, sans-serif;\">Available for shipping now</p><p style=\"margin-bottom: 1rem; line-height: 1.58; font-size: 21px; letter-spacing: -0.063px; color: rgb(33, 37, 41); font-family: &quot;Open Sans&quot;, sans-serif;\">RRP: $999</p><p style=\"margin-bottom: 1rem; line-height: 1.58; font-size: 21px; letter-spacing: -0.063px; color: rgb(33, 37, 41); font-family: &quot;Open Sans&quot;, sans-serif;\">iPhone Xs Max</p><p style=\"margin-bottom: 1rem; line-height: 1.58; font-size: 21px; letter-spacing: -0.063px; color: rgb(33, 37, 41); font-family: &quot;Open Sans&quot;, sans-serif;\">The Xs Max boasts the largest screen out of any apple phone in history. At 6.5 inches this device will give users an incredibly satisfying viewing experience using the latest display technology. Much like the Xs, it has super retina display and the latest in OLED technology. Watching videos on the go has never been so immersive!</p><p style=\"margin-bottom: 1rem; line-height: 1.58; font-size: 21px; letter-spacing: -0.063px; color: rgb(33, 37, 41); font-family: &quot;Open Sans&quot;, sans-serif;\">Features:</p><p style=\"margin-bottom: 1rem; line-height: 1.58; font-size: 21px; letter-spacing: -0.063px; color: rgb(33, 37, 41); font-family: &quot;Open Sans&quot;, sans-serif;\">?	Six-core CPU</p><p style=\"margin-bottom: 1rem; line-height: 1.58; font-size: 21px; letter-spacing: -0.063px; color: rgb(33, 37, 41); font-family: &quot;Open Sans&quot;, sans-serif;\">?	Four-core GPU</p><p style=\"margin-bottom: 1rem; line-height: 1.58; font-size: 21px; letter-spacing: -0.063px; color: rgb(33, 37, 41); font-family: &quot;Open Sans&quot;, sans-serif;\">?	IP68 waterproof rating</p><p style=\"margin-bottom: 1rem; line-height: 1.58; font-size: 21px; letter-spacing: -0.063px; color: rgb(33, 37, 41); font-family: &quot;Open Sans&quot;, sans-serif;\">?	Storage from 64GB to 512GB</p><p style=\"margin-bottom: 1rem; line-height: 1.58; font-size: 21px; letter-spacing: -0.063px; color: rgb(33, 37, 41); font-family: &quot;Open Sans&quot;, sans-serif;\">?	7 MP front camera</p><p style=\"margin-bottom: 1rem; line-height: 1.58; font-size: 21px; letter-spacing: -0.063px; color: rgb(33, 37, 41); font-family: &quot;Open Sans&quot;, sans-serif;\">?	12 MP dual Camera</p><p style=\"margin-bottom: 1rem; line-height: 1.58; font-size: 21px; letter-spacing: -0.063px; color: rgb(33, 37, 41); font-family: &quot;Open Sans&quot;, sans-serif;\">Available for shipping now</p><p style=\"margin-bottom: 1rem; line-height: 1.58; font-size: 21px; letter-spacing: -0.063px; color: rgb(33, 37, 41); font-family: &quot;Open Sans&quot;, sans-serif;\">RRP: $1099</p><p style=\"margin-bottom: 1rem; line-height: 1.58; font-size: 21px; letter-spacing: -0.063px; color: rgb(33, 37, 41); font-family: &quot;Open Sans&quot;, sans-serif;\">iPhone XR</p><p style=\"margin-bottom: 1rem; line-height: 1.58; font-size: 21px; letter-spacing: -0.063px; color: rgb(33, 37, 41); font-family: &quot;Open Sans&quot;, sans-serif;\">The introduction of the iPhone XR was welcoming news for iPhone lovers looking for an upgrade without breaking the bank. It has been compared to the iPhone 5c due to its smaller display and slightly downsized features. It comes in a variety of different colours and has been tipped as a product at the top of most children’s Christmas lists this Winter.</p><p style=\"margin-bottom: 1rem; line-height: 1.58; font-size: 21px; letter-spacing: -0.063px; color: rgb(33, 37, 41); font-family: &quot;Open Sans&quot;, sans-serif;\">Features:</p><p style=\"margin-bottom: 1rem; line-height: 1.58; font-size: 21px; letter-spacing: -0.063px; color: rgb(33, 37, 41); font-family: &quot;Open Sans&quot;, sans-serif;\">?	Six-core CPU</p><p style=\"margin-bottom: 1rem; line-height: 1.58; font-size: 21px; letter-spacing: -0.063px; color: rgb(33, 37, 41); font-family: &quot;Open Sans&quot;, sans-serif;\">?	Four-core GPU</p><p style=\"margin-bottom: 1rem; line-height: 1.58; font-size: 21px; letter-spacing: -0.063px; color: rgb(33, 37, 41); font-family: &quot;Open Sans&quot;, sans-serif;\">?	IP68 waterproof rating</p><p style=\"margin-bottom: 1rem; line-height: 1.58; font-size: 21px; letter-spacing: -0.063px; color: rgb(33, 37, 41); font-family: &quot;Open Sans&quot;, sans-serif;\">?	Storage from 16GB to 512GB</p><p style=\"margin-bottom: 1rem; line-height: 1.58; font-size: 21px; letter-spacing: -0.063px; color: rgb(33, 37, 41); font-family: &quot;Open Sans&quot;, sans-serif;\">?	5 MP front camera</p><p style=\"margin-bottom: 1rem; line-height: 1.58; font-size: 21px; letter-spacing: -0.063px; color: rgb(33, 37, 41); font-family: &quot;Open Sans&quot;, sans-serif;\">?	9 MP dual Camera</p><p style=\"margin-bottom: 1rem; line-height: 1.58; font-size: 21px; letter-spacing: -0.063px; color: rgb(33, 37, 41); font-family: &quot;Open Sans&quot;, sans-serif;\">Available for shipping from October</p><p style=\"margin-bottom: 1rem; line-height: 1.58; font-size: 21px; letter-spacing: -0.063px; color: rgb(33, 37, 41); font-family: &quot;Open Sans&quot;, sans-serif;\">RRP: $749</p><p style=\"margin-bottom: 1rem; line-height: 1.58; font-size: 21px; letter-spacing: -0.063px; color: rgb(33, 37, 41); font-family: &quot;Open Sans&quot;, sans-serif;\">Apple Watch 4</p><p style=\"margin-bottom: 1rem; line-height: 1.58; font-size: 21px; letter-spacing: -0.063px; color: rgb(33, 37, 41); font-family: &quot;Open Sans&quot;, sans-serif;\">Announcement of the new Apple Watch will be mellifluous to many. One of the main complaints about the Apple Watch 3 was issues with cellular connection and the size of the display. Apple have confronted both these problems and guaranteed a new, flawless version.</p><p style=\"margin-bottom: 1rem; line-height: 1.58; font-size: 21px; letter-spacing: -0.063px; color: rgb(33, 37, 41); font-family: &quot;Open Sans&quot;, sans-serif;\">Available for shipping now:</p><p style=\"margin-bottom: 1rem; line-height: 1.58; font-size: 21px; letter-spacing: -0.063px; color: rgb(33, 37, 41); font-family: &quot;Open Sans&quot;, sans-serif;\">RRP $499</p><p style=\"margin-bottom: 1rem; line-height: 1.58; font-size: 21px; letter-spacing: -0.063px; color: rgb(33, 37, 41); font-family: &quot;Open Sans&quot;, sans-serif;\">After the Keynote conference many have already begun drafting their Christmas Lists!&nbsp;</p>', '52-blog.jpg', 1, '2019-01-24 13:44:13', NULL),
(53, 'blog', 'Samsung Galaxy 10 Release Date and What to Expect', 'blog/samsung-galaxy-10-release-date-and-what-to-expect', '', '<p style=\"margin-bottom: 1rem; line-height: 1.58; font-size: 21px; letter-spacing: -0.063px; color: rgb(33, 37, 41); font-family: &quot;Open Sans&quot;, sans-serif;\">Samsung Galaxy S10 &amp; S10 Plus Release Date and What to Expect</p><p style=\"margin-bottom: 1rem; line-height: 1.58; font-size: 21px; letter-spacing: -0.063px; color: rgb(33, 37, 41); font-family: &quot;Open Sans&quot;, sans-serif;\">While the Samsung Galaxy S9 was one of this year\'s hottest Android smartphones, the Samsung Galaxy S10 is under the works. Here is what we should expect from Samsung\'s next best smartphone.</p><p style=\"margin-bottom: 1rem; line-height: 1.58; font-size: 21px; letter-spacing: -0.063px; color: rgb(33, 37, 41); font-family: &quot;Open Sans&quot;, sans-serif;\">There have been a few leaks and rumors about the Samsung lineup, including a lite version and an ultra 5G model. Keep reading to find out the details on the display, screen, camera, specifications and release date.</p><p style=\"margin-bottom: 1rem; line-height: 1.58; font-size: 21px; letter-spacing: -0.063px; color: rgb(33, 37, 41); font-family: &quot;Open Sans&quot;, sans-serif;\">Display &amp; Design:</p><p style=\"margin-bottom: 1rem; line-height: 1.58; font-size: 21px; letter-spacing: -0.063px; color: rgb(33, 37, 41); font-family: &quot;Open Sans&quot;, sans-serif;\">Samsung CEO DJ Koh reported the S10 lineup will come with radical changes one of those are the \"amazing array of color options. In addition to bright yellow and green options, Samsung may use ceramic fo the rear panel on a black and white Galaxy S10. The ceramic provides a high shine and is also very strong which could help resist scratches and marks more effectively.</p><p style=\"margin-bottom: 1rem; line-height: 1.58; font-size: 21px; letter-spacing: -0.063px; color: rgb(33, 37, 41); font-family: &quot;Open Sans&quot;, sans-serif;\">In December, the famous Samsung leaker Ice Universe offered us a glimpse of what he believes the upcoming Galaxy S10 will look like based on a photo of the screen protector. He believes the bezels will be nearly non-existent on the Galaxy S10. The phone will show nearly a 100 percent screen to body ratio, thanks to cutouts in the AMOLED display for the camera sensors.</p><p style=\"margin-bottom: 1rem; line-height: 1.58; font-size: 21px; letter-spacing: -0.063px; color: rgb(33, 37, 41); font-family: &quot;Open Sans&quot;, sans-serif;\">There may be three versions of the Galaxy S10, according to sources who spoke with Bloomberg. Rumor has is that the upcoming phones are referred to under the codename Beyond; Beyond 1 and Beyond 2 which are likely the Galaxy S10 and Galaxy S10 Plus. At Least two model swill reportedly feature the fingerprint -on-display (FOD) technology as well as AMOLED screens. Sources also refer to the Beyond 0, which is possibly a Galaxy S10 Lite a budget friendly version with a side mounted fingerprint sensor.</p><p style=\"margin-bottom: 1rem; line-height: 1.58; font-size: 21px; letter-spacing: -0.063px; color: rgb(33, 37, 41); font-family: &quot;Open Sans&quot;, sans-serif;\">The Wall Street Journal reports the display sizes for the Samsung Galaxy S10 would range from 5.8 inches to 6.4 inches, and that a future 5G model would feature a massive 6.7 inch screen.</p><p style=\"margin-bottom: 1rem; line-height: 1.58; font-size: 21px; letter-spacing: -0.063px; color: rgb(33, 37, 41); font-family: &quot;Open Sans&quot;, sans-serif;\">Ming-Chi Kuo claims there will be one model with 5.8-inch display, one with a 6.1, and one with a 6.4 display, and that the two high end models will have an in-display fingerprint sensor.</p><p style=\"margin-bottom: 1rem; line-height: 1.58; font-size: 21px; letter-spacing: -0.063px; color: rgb(33, 37, 41); font-family: &quot;Open Sans&quot;, sans-serif;\">Release Date:</p><p style=\"margin-bottom: 1rem; line-height: 1.58; font-size: 21px; letter-spacing: -0.063px; color: rgb(33, 37, 41); font-family: &quot;Open Sans&quot;, sans-serif;\">No one really knows the exact release date of Samsung\'s newest smartphone. However, The Bell says Samsung is aiming for a January 2019 release for the Galaxy S10 at the annual CES trade show in Las Vegas. Others rumor the release date to be Feb-Mar 2019 but remains unknown.</p><p style=\"margin-bottom: 1rem; line-height: 1.58; font-size: 21px; letter-spacing: -0.063px; color: rgb(33, 37, 41); font-family: &quot;Open Sans&quot;, sans-serif;\">Camera:</p><p style=\"margin-bottom: 1rem; line-height: 1.58; font-size: 21px; letter-spacing: -0.063px; color: rgb(33, 37, 41); font-family: &quot;Open Sans&quot;, sans-serif;\">Chinese social media platform Weibo, has shown an image of the Galaxy S10 screen protector confirming the cutout of the dual selfie cameras. According to 91Mobiles the Galaxy S10 has 3 rear cameras with one standard, one wide angle and one telephoto lens (sitting horizontally on the top third of the phone), 2 front cameras.</p><p style=\"margin-bottom: 1rem; line-height: 1.58; font-size: 21px; letter-spacing: -0.063px; color: rgb(33, 37, 41); font-family: &quot;Open Sans&quot;, sans-serif;\">All in all anticipate richer photos and better spatial perception on this new model. Samsung may increase camera performance by adding more lenses. Earlier this year Sammobile predicted the Galaxy S10 will come with three camera lenses on the back. The main lens will be the same 12-megapixel variable aperture lens joined by a 16-megapixel wide -angle lens with a 123-degree field of view. The third lense seems to be the as the S9 Plus- a 13-megapixel lens, likely equipped with a 2x telephoto zoom. The Wall Street Journal claims the Galaxy S10 will come with four rear camera lens and two front facing cameras.</p><p style=\"margin-bottom: 1rem; line-height: 1.58; font-size: 21px; letter-spacing: -0.063px; color: rgb(33, 37, 41); font-family: &quot;Open Sans&quot;, sans-serif;\">Security:</p><p style=\"margin-bottom: 1rem; line-height: 1.58; font-size: 21px; letter-spacing: -0.063px; color: rgb(33, 37, 41); font-family: &quot;Open Sans&quot;, sans-serif;\">Samsung may introduce a new fingerprint sensor. ET News reported that Samsung will use Qualcomm\'s third generation ultrasonic in display fingerprint sensors in its upcoming Galaxy S10 handsets. Qualcomm\'s technology can capture 3d Fingerprint data, allowing for higher accuracy and better security.</p><p style=\"margin-bottom: 1rem; line-height: 1.58; font-size: 21px; letter-spacing: -0.063px; color: rgb(33, 37, 41); font-family: &quot;Open Sans&quot;, sans-serif;\">Software &amp; Special Features:</p><p style=\"margin-bottom: 1rem; line-height: 1.58; font-size: 21px; letter-spacing: -0.063px; color: rgb(33, 37, 41); font-family: &quot;Open Sans&quot;, sans-serif;\">According to Digital Trends there is a possibility that the Galaxy S10 will feature improved health apps. Let\'s Go Digital recently patented a new technology that allows a Samsung app to determine your skin type and can suggest recommendations to limit sun exposure. The app will apparently used photos of different parts of your body to determine skin type and constantly provide you with tips and measure your UV exposure.</p><p style=\"margin-bottom: 1rem; line-height: 1.58; font-size: 21px; letter-spacing: -0.063px; color: rgb(33, 37, 41); font-family: &quot;Open Sans&quot;, sans-serif;\">Galaxy versions include: Galaxy S10 Lite, Galaxy S10, and Galaxy S10 5G.</p><p style=\"margin-bottom: 1rem; line-height: 1.58; font-size: 21px; letter-spacing: -0.063px; color: rgb(33, 37, 41); font-family: &quot;Open Sans&quot;, sans-serif;\">6.44-inch display infinity O display that has a cutout drilled into the screen panel to ensure a full-screen display without incorporating a notch. One of the versions of the S10 will support ultra high speed 5G networks. 5G is a new wireless standard that promises extremely fast data speeds and potentially less congestion than today\'s 4G LTE standard.</p><p style=\"margin-bottom: 1rem; line-height: 1.58; font-size: 21px; letter-spacing: -0.063px; color: rgb(33, 37, 41); font-family: &quot;Open Sans&quot;, sans-serif;\">Specifications:</p><p style=\"margin-bottom: 1rem; line-height: 1.58; font-size: 21px; letter-spacing: -0.063px; color: rgb(33, 37, 41); font-family: &quot;Open Sans&quot;, sans-serif;\">According to digital Trends It is likely Samsung will use its Exynos 9820 chipset for the Galaxy S10 which Samsung claims is 20-percent better than its predecessor and 40-percent more efficient. The new Exynos 9820 chipset will have a dedicated Neural Processing Unit (NPU) to support artificial intelligence tasks, and 8K video at 30 frames per second.</p><p style=\"margin-bottom: 1rem; line-height: 1.58; font-size: 21px; letter-spacing: -0.063px; color: rgb(33, 37, 41); font-family: &quot;Open Sans&quot;, sans-serif;\">Samsung Galaxy S10 &amp; S10 Plus Specifications:</p><p style=\"margin-bottom: 1rem; line-height: 1.58; font-size: 21px; letter-spacing: -0.063px; color: rgb(33, 37, 41); font-family: &quot;Open Sans&quot;, sans-serif;\">Performance</p><p style=\"margin-bottom: 1rem; line-height: 1.58; font-size: 21px; letter-spacing: -0.063px; color: rgb(33, 37, 41); font-family: &quot;Open Sans&quot;, sans-serif;\">Octa Core (Dual Core+ Dual core + Quad Core)</p><p style=\"margin-bottom: 1rem; line-height: 1.58; font-size: 21px; letter-spacing: -0.063px; color: rgb(33, 37, 41); font-family: &quot;Open Sans&quot;, sans-serif;\">Samsung Exynos 9 Octa</p><p style=\"margin-bottom: 1rem; line-height: 1.58; font-size: 21px; letter-spacing: -0.063px; color: rgb(33, 37, 41); font-family: &quot;Open Sans&quot;, sans-serif;\">6 GB RAM</p><p style=\"margin-bottom: 1rem; line-height: 1.58; font-size: 21px; letter-spacing: -0.063px; color: rgb(33, 37, 41); font-family: &quot;Open Sans&quot;, sans-serif;\">Display</p><p style=\"margin-bottom: 1rem; line-height: 1.58; font-size: 21px; letter-spacing: -0.063px; color: rgb(33, 37, 41); font-family: &quot;Open Sans&quot;, sans-serif;\">6.44 inches (16.36cm)</p><p style=\"margin-bottom: 1rem; line-height: 1.58; font-size: 21px; letter-spacing: -0.063px; color: rgb(33, 37, 41); font-family: &quot;Open Sans&quot;, sans-serif;\">1440x2960 px, 511 PPI</p><p style=\"margin-bottom: 1rem; line-height: 1.58; font-size: 21px; letter-spacing: -0.063px; color: rgb(33, 37, 41); font-family: &quot;Open Sans&quot;, sans-serif;\">Super Amoled</p><p style=\"margin-bottom: 1rem; line-height: 1.58; font-size: 21px; letter-spacing: -0.063px; color: rgb(33, 37, 41); font-family: &quot;Open Sans&quot;, sans-serif;\">Camera</p><p style=\"margin-bottom: 1rem; line-height: 1.58; font-size: 21px; letter-spacing: -0.063px; color: rgb(33, 37, 41); font-family: &quot;Open Sans&quot;, sans-serif;\">16MP + 16MP + 13MP Triple Primary Cameras</p><p style=\"margin-bottom: 1rem; line-height: 1.58; font-size: 21px; letter-spacing: -0.063px; color: rgb(33, 37, 41); font-family: &quot;Open Sans&quot;, sans-serif;\">LED Flash</p><p style=\"margin-bottom: 1rem; line-height: 1.58; font-size: 21px; letter-spacing: -0.063px; color: rgb(33, 37, 41); font-family: &quot;Open Sans&quot;, sans-serif;\">8MP + 5MP Dual Front Cameras</p><p style=\"margin-bottom: 1rem; line-height: 1.58; font-size: 21px; letter-spacing: -0.063px; color: rgb(33, 37, 41); font-family: &quot;Open Sans&quot;, sans-serif;\">Battery</p><p style=\"margin-bottom: 1rem; line-height: 1.58; font-size: 21px; letter-spacing: -0.063px; color: rgb(33, 37, 41); font-family: &quot;Open Sans&quot;, sans-serif;\">3700 MAH</p><p style=\"margin-bottom: 1rem; line-height: 1.58; font-size: 21px; letter-spacing: -0.063px; color: rgb(33, 37, 41); font-family: &quot;Open Sans&quot;, sans-serif;\">Fast Charging</p><p style=\"margin-bottom: 1rem; line-height: 1.58; font-size: 21px; letter-spacing: -0.063px; color: rgb(33, 37, 41); font-family: &quot;Open Sans&quot;, sans-serif;\">USB Type-C Port</p>', '53-blog.jpg', 1, '2019-01-24 13:47:14', NULL),
(54, 'blog', 'Apple\'s Latest iOS 12 Features and Improvements', 'blog/apple-s-latest-ios-12-features-and-improvements', 'The newest version of iOS 12 is supposed to make your iPhone experience faster, more responsive and more delightful according to Apple.', '<p style=\"margin-bottom: 1rem; line-height: 1.58; font-size: 21px; letter-spacing: -0.063px; color: rgb(33, 37, 41); font-family: &quot;Open Sans&quot;, sans-serif;\">In 2017, forecasters predict that around 223 million people in the U.S. will be using a smartphone which is about 83.8% of all mobile users. Out of these 223 million users over 90 million will own an iPhone making Apple’s iOS the leading operating system in America next to Android. The newest version of iOS 12 is supposed to make your iPhone experience faster, more responsive and more delightful according to Apple. Here are the top major changes happening with iOS 12, I’m sure it will help one of you 90 million plus iPhone users.</p><p style=\"margin-bottom: 1rem; line-height: 1.58; font-size: 21px; letter-spacing: -0.063px; color: rgb(33, 37, 41); font-family: &quot;Open Sans&quot;, sans-serif;\">First up, Performance, the iOS has been enhanced for a faster and more responsive experience all around. The regular things you do like launching camera or typing with the keyboard will happen faster than ever. This will also help when your doing a lot of things on your device all at once. These enhancements are said to improve performance on all supported devices, going all the way back to iPhone 5s. Apple claims you will notice up to 70% faster swipe to camera, up to 50% faster key board display and up to 2x faster app launch under heavy workload.</p><p style=\"margin-bottom: 1rem; line-height: 1.58; font-size: 21px; letter-spacing: -0.063px; color: rgb(33, 37, 41); font-family: &quot;Open Sans&quot;, sans-serif;\">Later this Fall, the operating system will allow you to FaceTime with up to 32 people all at once. You can start group FaceTime right from a group thread in Messages or join an active one at any time. Making this a handy solution especially for those who are constantly on the go.</p><p style=\"margin-bottom: 1rem; line-height: 1.58; font-size: 21px; letter-spacing: -0.063px; color: rgb(33, 37, 41); font-family: &quot;Open Sans&quot;, sans-serif;\">Next Memoji will now allow you to easily create a Memoji to match your personality and mood. This will allow you to make an many alter egos as you want to use in Messages and FaceTime. The upgraded iOS iPhone version will also allow you to choose from four new Animoji-koala, tiger, ghost, or T.rex- to inject fun into your next messages or FaceTime. Now you can be more expressive than ever on your mobile phone.</p><p style=\"margin-bottom: 1rem; line-height: 1.58; font-size: 21px; letter-spacing: -0.063px; color: rgb(33, 37, 41); font-family: &quot;Open Sans&quot;, sans-serif;\">Lastly, you will be able to liven up the conversation with camera effects. Add personality to Messages and FaceTime right from the in-app camera. Create and share a photo or video with Animoji, Memoji, cool filters, animated text effects, fun stickers and more.</p><p style=\"margin-bottom: 1rem; line-height: 1.58; font-size: 21px; letter-spacing: -0.063px; color: rgb(33, 37, 41); font-family: &quot;Open Sans&quot;, sans-serif;\">Other features included with iOS 12:</p><p style=\"margin-bottom: 1rem; line-height: 1.58; font-size: 21px; letter-spacing: -0.063px; color: rgb(33, 37, 41); font-family: &quot;Open Sans&quot;, sans-serif;\">•	An Apple Books app that replaces iBooks.</p><p style=\"margin-bottom: 1rem; line-height: 1.58; font-size: 21px; letter-spacing: -0.063px; color: rgb(33, 37, 41); font-family: &quot;Open Sans&quot;, sans-serif;\">•	A “For You” section in the Photos app.</p><p style=\"margin-bottom: 1rem; line-height: 1.58; font-size: 21px; letter-spacing: -0.063px; color: rgb(33, 37, 41); font-family: &quot;Open Sans&quot;, sans-serif;\">•	Notifications are grouped and now have a “manage” tab.</p><p style=\"margin-bottom: 1rem; line-height: 1.58; font-size: 21px; letter-spacing: -0.063px; color: rgb(33, 37, 41); font-family: &quot;Open Sans&quot;, sans-serif;\">•	The Do Not Disturb During Bedtime feature changes how notifications are handled at night.</p><p style=\"margin-bottom: 1rem; line-height: 1.58; font-size: 21px; letter-spacing: -0.063px; color: rgb(33, 37, 41); font-family: &quot;Open Sans&quot;, sans-serif;\">•	Safari now includes Intelligent Tracking Prevention. With this feature, you can disable social media “like” and “share” buttons.</p><p style=\"margin-bottom: 1rem; line-height: 1.58; font-size: 21px; letter-spacing: -0.063px; color: rgb(33, 37, 41); font-family: &quot;Open Sans&quot;, sans-serif;\">•	Maps app now includes first-party data.</p><p style=\"margin-bottom: 1rem; line-height: 1.58; font-size: 21px; letter-spacing: -0.063px; color: rgb(33, 37, 41); font-family: &quot;Open Sans&quot;, sans-serif;\">•	CarPlay now features the ability to run third-party navigation applications.</p><p style=\"margin-bottom: 1rem; line-height: 1.58; font-size: 21px; letter-spacing: -0.063px; color: rgb(33, 37, 41); font-family: &quot;Open Sans&quot;, sans-serif;\">•	Devices with Face ID, iOS 12 lets you add two faces for authentication now, instead of only one.</p><p style=\"margin-bottom: 1rem; line-height: 1.58; font-size: 21px; letter-spacing: -0.063px; color: rgb(33, 37, 41); font-family: &quot;Open Sans&quot;, sans-serif;\">Now that you know what changes came about the newest iOS version go ahead and test it out. I know my family and I had tons of fun playing with the new Memoji and Animoji. Is this the worlds most advanced mobile operating system? I say so far, Yes! You can’t go wrong if 90 million users are using an iPhone.</p><p style=\"margin-bottom: 1rem; line-height: 1.58; font-size: 21px; letter-spacing: -0.063px; color: rgb(33, 37, 41); font-family: &quot;Open Sans&quot;, sans-serif;\">Sources:</p><p style=\"margin-bottom: 1rem; line-height: 1.58; font-size: 21px; letter-spacing: -0.063px; color: rgb(33, 37, 41); font-family: &quot;Open Sans&quot;, sans-serif;\">https://www.statista.com/statistics/236550/percentage-of-us-population-that-own-a-iphone-smartphone/</p><p style=\"margin-bottom: 1rem; line-height: 1.58; font-size: 21px; letter-spacing: -0.063px; color: rgb(33, 37, 41); font-family: &quot;Open Sans&quot;, sans-serif;\">https://www.apple.com/ios/ios-12/</p><p style=\"margin-bottom: 1rem; line-height: 1.58; font-size: 21px; letter-spacing: -0.063px; color: rgb(33, 37, 41); font-family: &quot;Open Sans&quot;, sans-serif;\">https://en.wikipedia.org/wiki/Comparison_of_mobile_operating_systems</p>', '54-blog.jpg', 1, '2019-01-24 14:08:06', NULL);
INSERT INTO `blogs` (`id`, `post_type`, `title`, `slug`, `description`, `content`, `image`, `status`, `created_at`, `updated_at`) VALUES
(55, 'blog', '10 Budget Friendly Tech Gift Ideas for iPhone Lovers', 'blog/10-budget-friendly-tech-gift-ideas-for-iphone-lovers', '', '<p style=\"margin-bottom: 1rem; line-height: 1.58; font-size: 21px; letter-spacing: -0.063px; color: rgb(33, 37, 41); font-family: &quot;Open Sans&quot;, sans-serif;\"><span style=\"font-weight: bolder;\">10 Budget Friendly Tech Gift Ideas for iPhone Lovers</span></p><p style=\"margin-bottom: 1rem; line-height: 1.58; font-size: 21px; letter-spacing: -0.063px; color: rgb(33, 37, 41); font-family: &quot;Open Sans&quot;, sans-serif;\">One tech gadget that everyone has is a smartphone, you can’t go wrong with a gift to compliment that iPhone or Samsung Galaxy. We have made it easy for you and summarized the 10 best budget friendly gift ideas that an iPhone lover will want all under $130! From gifts like a phone storage workout bottle to pricier items like a phone solar powered charger or a bluetooth speaker, you will be sure to find a gadget to compliment that smartphone on this list.</p><p style=\"margin-bottom: 1rem; line-height: 1.58; font-size: 21px; letter-spacing: -0.063px; color: rgb(33, 37, 41); font-family: &quot;Open Sans&quot;, sans-serif;\"><span style=\"font-weight: bolder;\">Universal Charging Outlet</span></p><p style=\"margin-bottom: 1rem; line-height: 1.58; font-size: 21px; letter-spacing: -0.063px; color: rgb(33, 37, 41); font-family: &quot;Open Sans&quot;, sans-serif;\"><span style=\"font-weight: bolder;\">$39.95 @ Thegrommet.com</span></p><p style=\"margin-bottom: 1rem; line-height: 1.58; font-size: 21px; letter-spacing: -0.063px; color: rgb(33, 37, 41); font-family: &quot;Open Sans&quot;, sans-serif;\">thingCHARGER takes your average wall socket and turns it into a universal charging station. Slip it over your three-pronged plugs, and there’s no need to negotiate between your alarm, lamp, phone, and laptop.</p><p style=\"margin-bottom: 1rem; line-height: 1.58; font-size: 21px; letter-spacing: -0.063px; color: rgb(33, 37, 41); font-family: &quot;Open Sans&quot;, sans-serif;\">Aside from two standard outlets, thingCHARGER has two built-in USB ports and a top that doubles as a charging dock for your phone or tablet. To use the dock, the included lightning and micro-USB tips let you power up Apple and other brands of devices. That comes in handy for friends and family with different digital allegiances.</p><p style=\"margin-bottom: 1rem; line-height: 1.58; font-size: 21px; letter-spacing: -0.063px; color: rgb(33, 37, 41); font-family: &quot;Open Sans&quot;, sans-serif;\"><span style=\"font-weight: bolder;\">Smartphone Universal Remote</span></p><p style=\"margin-bottom: 1rem; line-height: 1.58; font-size: 21px; letter-spacing: -0.063px; color: rgb(33, 37, 41); font-family: &quot;Open Sans&quot;, sans-serif;\"><span style=\"font-weight: bolder;\">$49.95 @ Thegrommet.com</span></p><p style=\"margin-bottom: 1rem; line-height: 1.58; font-size: 21px; letter-spacing: -0.063px; color: rgb(33, 37, 41); font-family: &quot;Open Sans&quot;, sans-serif;\">Pronto is an infrared (”IR”), transmitter that turns your iPhone or iPad into a universal remote. It works with components like your cable box, DVD player, Apple TV, gaming systems and more. Through the free Peel app, you can access streaming accounts, like Netflix and Hulu, control up to eight devices per room, browse listings by image, and create custom actions—no remotes required.</p><p style=\"margin-bottom: 1rem; line-height: 1.58; font-size: 21px; letter-spacing: -0.063px; color: rgb(33, 37, 41); font-family: &quot;Open Sans&quot;, sans-serif;\"><span style=\"font-weight: bolder;\">Little Sun: Solar Powered Charger</span></p><p style=\"margin-bottom: 1rem; line-height: 1.58; font-size: 21px; letter-spacing: -0.063px; color: rgb(33, 37, 41); font-family: &quot;Open Sans&quot;, sans-serif;\"><span style=\"font-weight: bolder;\">$79.00 @ Thegrommet.com</span></p><p style=\"margin-bottom: 1rem; line-height: 1.58; font-size: 21px; letter-spacing: -0.063px; color: rgb(33, 37, 41); font-family: &quot;Open Sans&quot;, sans-serif;\">A solar power bank that does more than power you up—it provides opportunity for those without power in the world. The design harnesses the sun to fuel your phone, camera, e-reader, or any USB-powered device—or provides up to 150 hours of light. Its weather- and UV-resistant design is great for camping, festivals and more. Plus, for every charger sold, the same exact one is offered at a fair, locally-affordable price to someone in an underserved area.</p><p style=\"margin-bottom: 1rem; line-height: 1.58; font-size: 21px; letter-spacing: -0.063px; color: rgb(33, 37, 41); font-family: &quot;Open Sans&quot;, sans-serif;\"><span style=\"font-weight: bolder;\">Interchangeable Phone Lens Set</span></p><p style=\"margin-bottom: 1rem; line-height: 1.58; font-size: 21px; letter-spacing: -0.063px; color: rgb(33, 37, 41); font-family: &quot;Open Sans&quot;, sans-serif;\"><span style=\"font-weight: bolder;\">$40.00 @ Thegrommet.com</span></p><p style=\"margin-bottom: 1rem; line-height: 1.58; font-size: 21px; letter-spacing: -0.063px; color: rgb(33, 37, 41); font-family: &quot;Open Sans&quot;, sans-serif;\">Phone cameras are powerful, but they have their limitations. This smartphone lens set gives you more chances to take stunning photos.</p><p style=\"margin-bottom: 1rem; line-height: 1.58; font-size: 21px; letter-spacing: -0.063px; color: rgb(33, 37, 41); font-family: &quot;Open Sans&quot;, sans-serif;\">The two tiny-but-robust lenses can be attached to 60 types of devices in seconds—tablets included. The first is a 2-in-1 lens offering both a wide angle and macro lens, while the second is a fisheye lens.</p><p style=\"margin-bottom: 1rem; line-height: 1.58; font-size: 21px; letter-spacing: -0.063px; color: rgb(33, 37, 41); font-family: &quot;Open Sans&quot;, sans-serif;\">Expand your shot with a subtle 0.67x wide-angle lens, letting you fit more in your frame while maintaining the integrity of your photos. This is a lens perfect for creating portraits with just the right amount of breathing room.</p><p style=\"margin-bottom: 1rem; line-height: 1.58; font-size: 21px; letter-spacing: -0.063px; color: rgb(33, 37, 41); font-family: &quot;Open Sans&quot;, sans-serif;\">Zoom in ten times as close with the macro lens and get the fine details you couldn’t with your phone alone—the subtle hues of an eye, tiny insects, or the delicate bristles on a flower stem.</p><p style=\"margin-bottom: 1rem; line-height: 1.58; font-size: 21px; letter-spacing: -0.063px; color: rgb(33, 37, 41); font-family: &quot;Open Sans&quot;, sans-serif;\">You can also amplify your view up to 190-degrees with the fish eye lens. Capture the majesty of landscapes and larger scenes.</p><p style=\"margin-bottom: 1rem; line-height: 1.58; font-size: 21px; letter-spacing: -0.063px; color: rgb(33, 37, 41); font-family: &quot;Open Sans&quot;, sans-serif;\"><span style=\"font-weight: bolder;\">Air Pods Protective Silicon Case</span></p><p style=\"margin-bottom: 1rem; line-height: 1.58; font-size: 21px; letter-spacing: -0.063px; color: rgb(33, 37, 41); font-family: &quot;Open Sans&quot;, sans-serif;\"><span style=\"font-weight: bolder;\">$19.99 by PodPocket</span></p><p style=\"margin-bottom: 1rem; line-height: 1.58; font-size: 21px; letter-spacing: -0.063px; color: rgb(33, 37, 41); font-family: &quot;Open Sans&quot;, sans-serif;\">Keep your Apple AirPods case safe and sound—and in an easy-to-reach spot—with this handy holder. Made of flexible silicone, it fits snugly over the AirPods case and can be attached to a belt, bag, or keychain. It comes in a variety of colors including green and red.</p><p style=\"margin-bottom: 1rem; line-height: 1.58; font-size: 21px; letter-spacing: -0.063px; color: rgb(33, 37, 41); font-family: &quot;Open Sans&quot;, sans-serif;\"><span style=\"font-weight: bolder;\">Coin-Sized Tracking Device</span></p><p style=\"margin-bottom: 1rem; line-height: 1.58; font-size: 21px; letter-spacing: -0.063px; color: rgb(33, 37, 41); font-family: &quot;Open Sans&quot;, sans-serif;\"><span style=\"font-weight: bolder;\">$29.95 @ Thegrommet.com</span></p><p style=\"margin-bottom: 1rem; line-height: 1.58; font-size: 21px; letter-spacing: -0.063px; color: rgb(33, 37, 41); font-family: &quot;Open Sans&quot;, sans-serif;\"><span style=\"font-weight: bolder;\">SMART TRACKER</span></p><p style=\"margin-bottom: 1rem; line-height: 1.58; font-size: 21px; letter-spacing: -0.063px; color: rgb(33, 37, 41); font-family: &quot;Open Sans&quot;, sans-serif;\">Find your misplaced keys, wallet, bike, or more in a flash with TrackR Bravo.</p><p style=\"margin-bottom: 1rem; line-height: 1.58; font-size: 21px; letter-spacing: -0.063px; color: rgb(33, 37, 41); font-family: &quot;Open Sans&quot;, sans-serif;\">This slim, quarter-sized lost item tracker uses your phone’s Bluetooth, GPS, and the TrackR app. Attach it to anything valuable to keep tabs on its location.</p><p style=\"margin-bottom: 1rem; line-height: 1.58; font-size: 21px; letter-spacing: -0.063px; color: rgb(33, 37, 41); font-family: &quot;Open Sans&quot;, sans-serif;\">Lost your keys? Press the app’s “Locate” button and Bravo will ring as long as it’s within your phone’s Bluetooth range. The distance indicator even shows, in real time, how close you are (we call it the “getting warmer” feature).</p><p style=\"margin-bottom: 1rem; line-height: 1.58; font-size: 21px; letter-spacing: -0.063px; color: rgb(33, 37, 41); font-family: &quot;Open Sans&quot;, sans-serif;\">If Bravo is out of Bluetooth range, the app tells you the last location picked up by your phone. Even better: the Crowd GPS feature uses the GPS of all the phones in the TrackR network (tens of thousands of them) to locate it. When any TrackR app user is near your item, you (and only you) will get an alert with the location.</p><p style=\"margin-bottom: 1rem; line-height: 1.58; font-size: 21px; letter-spacing: -0.063px; color: rgb(33, 37, 41); font-family: &quot;Open Sans&quot;, sans-serif;\">Got your keys but can’t find your phone? Press a button on the TrackR Bravo and your phone will ring . . . even when it’s on “silent” mode.</p><p style=\"margin-bottom: 1rem; line-height: 1.58; font-size: 21px; letter-spacing: -0.063px; color: rgb(33, 37, 41); font-family: &quot;Open Sans&quot;, sans-serif;\">Want to avoid losing your keys, wallet, or whatever altogether? Activate a separation alarm that will ring if you walk too far away.</p><p style=\"margin-bottom: 1rem; line-height: 1.58; font-size: 21px; letter-spacing: -0.063px; color: rgb(33, 37, 41); font-family: &quot;Open Sans&quot;, sans-serif;\"><span style=\"font-weight: bolder;\">PhoneSoap Smartphone Sanitizer</span></p><p style=\"margin-bottom: 1rem; line-height: 1.58; font-size: 21px; letter-spacing: -0.063px; color: rgb(33, 37, 41); font-family: &quot;Open Sans&quot;, sans-serif;\"><span style=\"font-weight: bolder;\">$59.95 @ ItsThoughtful.com</span></p><p style=\"margin-bottom: 1rem; line-height: 1.58; font-size: 21px; letter-spacing: -0.063px; color: rgb(33, 37, 41); font-family: &quot;Open Sans&quot;, sans-serif;\">Did you know that the average cell phone is 18 times dirtier than a public toilet! Eeew! Now think about how we place these bacteria bombs in our dark and warm pockets where bacteria breeds best. Then, think about how often it touches your face, your hands and directly or indirectly your children and you’ll start looking for a way to disinfect right away. People with young children who love putting things in their mouth and elderly folks with weakened immune systems will especially benefit from getting PhoneSoap as a gift, but honestly, anyone with a phone needs it!</p><p style=\"margin-bottom: 1rem; line-height: 1.58; font-size: 21px; letter-spacing: -0.063px; color: rgb(33, 37, 41); font-family: &quot;Open Sans&quot;, sans-serif;\">PhoneSoap uses UV light to safely and non-toxically sterilize cell phones while charging it. But, what is PhoneSoap? It’s a little case, sort of like an eyeglasses case, with UV lights inside, sort of like a tanning bed for your phone. The lights will destroy 99.9% of bacteria in minutes. The lights are guaranteed for up to 240,000 minutes of disinfecting magic; which is the lifespan of the lights.</p><p style=\"margin-bottom: 1rem; line-height: 1.58; font-size: 21px; letter-spacing: -0.063px; color: rgb(33, 37, 41); font-family: &quot;Open Sans&quot;, sans-serif;\"><span style=\"font-weight: bolder;\">Phone Storage Workout Bottle</span></p><p style=\"margin-bottom: 1rem; line-height: 1.58; font-size: 21px; letter-spacing: -0.063px; color: rgb(33, 37, 41); font-family: &quot;Open Sans&quot;, sans-serif;\"><span style=\"font-weight: bolder;\">$21.99 @ Uncommongoods.com</span></p><p style=\"margin-bottom: 1rem; line-height: 1.58; font-size: 21px; letter-spacing: -0.063px; color: rgb(33, 37, 41); font-family: &quot;Open Sans&quot;, sans-serif;\">To stay connected while you stay hydrated, the solution is clear. This clever bottle holds your smartphone, credit cards, and cash between two water compartments in an eye-catching design. The twist-off bottom incorporates a port for headphones so you can keep listening while your phone is stowed. The tough, Tritan plastic construction is 100% BPA free and leak-proof, making this bottle a great option for your workout, a weekend hike, or day at the beach. Both bottle and lid are dishwasher safe. Made in China.</p><p style=\"margin-bottom: 1rem; line-height: 1.58; font-size: 21px; letter-spacing: -0.063px; color: rgb(33, 37, 41); font-family: &quot;Open Sans&quot;, sans-serif;\"><span style=\"font-weight: bolder;\">Bluetooth Speaker</span></p><p style=\"margin-bottom: 1rem; line-height: 1.58; font-size: 21px; letter-spacing: -0.063px; color: rgb(33, 37, 41); font-family: &quot;Open Sans&quot;, sans-serif;\"><span style=\"font-weight: bolder;\">$118.15 @ Thegrommet.com</span></p><p style=\"margin-bottom: 1rem; line-height: 1.58; font-size: 21px; letter-spacing: -0.063px; color: rgb(33, 37, 41); font-family: &quot;Open Sans&quot;, sans-serif;\">This Bluetooth speaker does much more than just hang out. It’s designed to blend into your home as a piece of modern décor, whether sitting on the coffee table or hanging up on the wall. It can serve as a catchall for keys, change, or your phone. There’s even a charger hidden inside, along with a microphone, so you can use it to make calls, too. And the battery lasts for up to 10 hours of full, clear sound, so there’s no unsightly wires to mar your listening experience.</p><p style=\"margin-bottom: 1rem; line-height: 1.58; font-size: 21px; letter-spacing: -0.063px; color: rgb(33, 37, 41); font-family: &quot;Open Sans&quot;, sans-serif;\"><span style=\"font-weight: bolder;\">Portable Photo Printer</span></p><p style=\"margin-bottom: 1rem; line-height: 1.58; font-size: 21px; letter-spacing: -0.063px; color: rgb(33, 37, 41); font-family: &quot;Open Sans&quot;, sans-serif;\"><span style=\"font-weight: bolder;\">$129.99 @ Amazon.com</span></p><p style=\"margin-bottom: 1rem; line-height: 1.58; font-size: 21px; letter-spacing: -0.063px; color: rgb(33, 37, 41); font-family: &quot;Open Sans&quot;, sans-serif;\">Live it - Love it - Print it: Printing off social media photos has never been easier from your smartphone. Connect your social media accounts to the free-to-download HP Sprocket App and instantly turn those photos into colorful prints</p><p style=\"margin-bottom: 1rem; line-height: 1.58; font-size: 21px; letter-spacing: -0.063px; color: rgb(33, 37, 41); font-family: &quot;Open Sans&quot;, sans-serif;\">A Social on-the-go portable printer: Sprocket uses seamless Bluetooth connectivity, so you can set it up at parties and events, and everyone can print their favorite moments from their smartphones or tablets</p><p style=\"margin-bottom: 1rem; line-height: 1.58; font-size: 21px; letter-spacing: -0.063px; color: rgb(33, 37, 41); font-family: &quot;Open Sans&quot;, sans-serif;\">Have fun - be creative: Customize your photos before you print with the HP Sprocket App to add fun text, borders, emojis, and more. Add a pop of personality for snapshots and stickers that are totally and uniquely you</p><p style=\"margin-bottom: 1rem; line-height: 1.58; font-size: 21px; letter-spacing: -0.063px; color: rgb(33, 37, 41); font-family: &quot;Open Sans&quot;, sans-serif;\">Instant snapshots anywhere: This compact photo printer was made to go wherever you do. It easily fits into any bag, so you can create 2x3-inch stickable snapshots whenever the moment strikes</p>', '55-blog.jpg', 1, '2019-01-24 14:08:49', NULL),
(56, 'blog', 'The Damage of E-Waste and How We Can Help', 'blog/the-damage-of-e-waste-and-how-we-can-help', '', '<p style=\"margin-bottom: 1rem; line-height: 1.58; font-size: 21px; letter-spacing: -0.063px; color: rgb(33, 37, 41); font-family: &quot;Open Sans&quot;, sans-serif;\"><span style=\"font-weight: bolder;\">The Damage of E-Waste and How We Can Help</span></p><p style=\"margin-bottom: 1rem; line-height: 1.58; font-size: 21px; letter-spacing: -0.063px; color: rgb(33, 37, 41); font-family: &quot;Open Sans&quot;, sans-serif;\">I’m sure you have some.</p><p style=\"margin-bottom: 1rem; line-height: 1.58; font-size: 21px; letter-spacing: -0.063px; color: rgb(33, 37, 41); font-family: &quot;Open Sans&quot;, sans-serif;\">We’re talking about all those old electronics that are sitting around and collecting dust. They may be old phones including iPhones, iPads, tablets or iPods but eventually can get treated like garbage. Instead of recycling these electronics and getting paid they are getting thrown out. And this e-waste is becoming a big problem.</p><p style=\"margin-bottom: 1rem; line-height: 1.58; font-size: 21px; letter-spacing: -0.063px; color: rgb(33, 37, 41); font-family: &quot;Open Sans&quot;, sans-serif;\">The Damage of E-Waste</p><p style=\"margin-bottom: 1rem; line-height: 1.58; font-size: 21px; letter-spacing: -0.063px; color: rgb(33, 37, 41); font-family: &quot;Open Sans&quot;, sans-serif;\">Throwing away old electronics might seem similar to you as organic garbage but there is quite a big difference. When you look at something like an old cell phone or iPod you only usually notice the casing and not the inner components of it. And it’s these electronic insides that can be very toxic.</p><p style=\"margin-bottom: 1rem; line-height: 1.58; font-size: 21px; letter-spacing: -0.063px; color: rgb(33, 37, 41); font-family: &quot;Open Sans&quot;, sans-serif;\">Most electronics are full of things like lead, semimetals, and other chemical compounds. Incorrect disposal of these items can expose you, and the environment to substance like:</p><p style=\"margin-bottom: 1rem; line-height: 1.58; font-size: 21px; letter-spacing: -0.063px; color: rgb(33, 37, 41); font-family: &quot;Open Sans&quot;, sans-serif;\">Mercury</p><p style=\"margin-bottom: 1rem; line-height: 1.58; font-size: 21px; letter-spacing: -0.063px; color: rgb(33, 37, 41); font-family: &quot;Open Sans&quot;, sans-serif;\">Arsenic</p><p style=\"margin-bottom: 1rem; line-height: 1.58; font-size: 21px; letter-spacing: -0.063px; color: rgb(33, 37, 41); font-family: &quot;Open Sans&quot;, sans-serif;\">Cadmium</p><p style=\"margin-bottom: 1rem; line-height: 1.58; font-size: 21px; letter-spacing: -0.063px; color: rgb(33, 37, 41); font-family: &quot;Open Sans&quot;, sans-serif;\">Copper</p><p style=\"margin-bottom: 1rem; line-height: 1.58; font-size: 21px; letter-spacing: -0.063px; color: rgb(33, 37, 41); font-family: &quot;Open Sans&quot;, sans-serif;\">Barium</p><p style=\"margin-bottom: 1rem; line-height: 1.58; font-size: 21px; letter-spacing: -0.063px; color: rgb(33, 37, 41); font-family: &quot;Open Sans&quot;, sans-serif;\">Chromium</p><p style=\"margin-bottom: 1rem; line-height: 1.58; font-size: 21px; letter-spacing: -0.063px; color: rgb(33, 37, 41); font-family: &quot;Open Sans&quot;, sans-serif;\">Nickel</p><p style=\"margin-bottom: 1rem; line-height: 1.58; font-size: 21px; letter-spacing: -0.063px; color: rgb(33, 37, 41); font-family: &quot;Open Sans&quot;, sans-serif;\">These are just a few of things that get introduced into environment. The problem now with the growing use of electronics is that more and more of them that will eventually become thrown away. E-waste can lead to the increase of PCB’s in the atmosphere along with brominated flame retardants. The improper treatment of these electronics can result in inhalation of toxic fumes and these toxins can also make their way into your soil, water, and food.</p><p style=\"margin-bottom: 1rem; line-height: 1.58; font-size: 21px; letter-spacing: -0.063px; color: rgb(33, 37, 41); font-family: &quot;Open Sans&quot;, sans-serif;\">What Options Are There Besides The Dump?</p><p style=\"margin-bottom: 1rem; line-height: 1.58; font-size: 21px; letter-spacing: -0.063px; color: rgb(33, 37, 41); font-family: &quot;Open Sans&quot;, sans-serif;\">Instead of disposing of your old laptop or tablet you can make money off them and help the environment at the same time. Companies like OCBuyBack will buy back your old Samsung Galaxy, Samsung Note, iPhone, iPad, and Apple TV along with many other items. It’s an easy process that takes the hassle of selling away from you. You can even ship your old device for free and then get paid.</p><p style=\"margin-bottom: 1rem; line-height: 1.58; font-size: 21px; letter-spacing: -0.063px; color: rgb(33, 37, 41); font-family: &quot;Open Sans&quot;, sans-serif;\">These old electronics are given new life instead of being disposed and polluting your environment. You solve the problem of e-Waste and get paid while doing it.</p><p style=\"margin-bottom: 1rem; line-height: 1.58; font-size: 21px; letter-spacing: -0.063px; color: rgb(33, 37, 41); font-family: &quot;Open Sans&quot;, sans-serif;\">That’s a pretty win-win scenario.&nbsp;</p>', '56-blog.jpg', 1, '2019-01-24 14:11:04', NULL);

-- --------------------------------------------------------

--
-- Table structure for table `categories`
--

CREATE TABLE `categories` (
  `id` int(11) NOT NULL,
  `title` varchar(255) NOT NULL,
  `image` text NOT NULL,
  `slug` varchar(255) NOT NULL,
  `status` int(1) NOT NULL DEFAULT 1,
  `created_at` datetime NOT NULL,
  `updated_at` datetime DEFAULT NULL
) ENGINE=InnoDB DEFAULT CHARSET=latin1;

--
-- Dumping data for table `categories`
--

INSERT INTO `categories` (`id`, `title`, `image`, `slug`, `status`, `created_at`, `updated_at`) VALUES
(1, 'iPhone', '1-iphone.jpg', 'iphone', 1, '2018-08-28 14:11:31', '2018-10-04 01:58:18'),
(2, 'Samsung', '2-samsung.jpg', 'samsung', 1, '2018-08-28 14:34:23', '2018-10-04 02:20:06'),
(3, 'iPad', '3-ipad.jpg', 'ipad', 1, '2018-09-03 08:14:40', '2018-10-04 02:20:33'),
(4, 'Google Phone', '4-google.jpg', 'google-phone', 1, '2018-09-03 08:14:49', '2018-11-08 03:01:51'),
(5, 'iPod', '5-ipod.jpg', 'ipod', 1, '2018-11-21 13:24:14', '2018-11-23 12:21:52'),
(11, 'LG Phone', '11-lgphone.jpg', 'lg-phone', 1, '2018-11-23 12:24:26', NULL),
(12, 'Apple iWatch', '12-appleiwatch.jpg', 'apple-iwatch', 1, '2018-11-23 12:34:01', '2018-11-23 12:36:20'),
(13, 'Testing Category', '13-testingcategory.jpg', 'testing-category', 0, '2018-11-24 04:17:52', NULL),
(14, 'Microsoft', '14-microsoft.jpg', 'microsoft', 1, '2018-11-26 13:08:37', NULL),
(15, 'Apple Tv', '15-appletv.jpg', 'apple-tv', 1, '2018-11-26 16:12:32', '2018-11-26 16:29:06'),
(16, 'Go Pro', '16-gopro.jpg', 'go-pro', 0, '2018-11-26 17:00:22', NULL);

-- --------------------------------------------------------

--
-- Table structure for table `conditions`
--

CREATE TABLE `conditions` (
  `id` int(11) NOT NULL,
  `title` varchar(255) NOT NULL,
  `slug` varchar(255) NOT NULL,
  `description` text NOT NULL,
  `status` int(1) NOT NULL DEFAULT 1,
  `created_at` datetime NOT NULL,
  `updated_at` datetime DEFAULT NULL
) ENGINE=InnoDB DEFAULT CHARSET=latin1;

--
-- Dumping data for table `conditions`
--

INSERT INTO `conditions` (`id`, `title`, `slug`, `description`, `status`, `created_at`, `updated_at`) VALUES
(1, 'Brand New', 'brand-new', '<p><span style=\"font-size: 18px;\">If ALL of the following are true:</span><br></p><ul><li style=\"margin-left: 50px;\">Sealed in original box.</li><li style=\"margin-left: 50px;\">The device has never been activated or used.</li></ul>', 0, '2018-08-30 10:50:47', '2018-11-24 05:55:16'),
(2, 'Mint', 'mint', '<p><span style=\"color: inherit; font-family: inherit; font-size: 18px;\"><br></span></p><p><span style=\"color: inherit; font-family: inherit; font-size: 18px;\">If <b>ALL</b> of the following are true:</span><br></p><ul><li style=\"margin-left: 50px;\">Like New with no signs of use.</li><li style=\"margin-left: 50px;\">Fully functional with no operational problems.</li><li style=\"margin-left: 50px;\">No cracks, scratches, dings or dents.</li><li style=\"margin-left: 50px;\">Battery health in good standing.</li><li style=\"margin-left: 50px;\">Paid off/deactivated from account</li></ul>', 1, '2018-08-30 10:58:23', '2018-12-03 16:47:35'),
(3, 'Good Condition', 'good-condition', '<p><br></p><h4 style=\"font-family: &quot;Helvetica Neue&quot;, Roboto, Arial, &quot;Droid Sans&quot;, sans-serif; color: rgb(0, 0, 0);\">If <b>ALL </b>of the following are true:</h4><ul><li style=\"margin-left: 50px;\">The device has signs of use but no major cosmetic damage.</li><li style=\"margin-left: 50px;\">Fully functional with no operational problems.</li><li style=\"margin-left: 50px;\">No chips or cracks in front or back glass.</li><li style=\"margin-left: 50px;\">Battery health in good standing.</li><li style=\"margin-left: 50px;\">Paid off/deactivated from account</li></ul>', 1, '2018-09-01 09:00:43', '2018-12-03 16:41:52'),
(4, 'Damaged', 'damaged', '<p><br></p><h4 style=\"font-family: &quot;Helvetica Neue&quot;, Roboto, Arial, &quot;Droid Sans&quot;, sans-serif; color: rgb(0, 0, 0);\">If <b>ANY </b>of the following are true:</h4><ul><li style=\"margin-left: 50px;\">Cracked front or back glass with no LCD damage.</li><li style=\"margin-left: 50px;\">Non-working buttons.</li><li style=\"margin-left: 50px;\">Non-working headphone jack.</li><li style=\"margin-left: 50px;\">Non-working speaker or microphone.</li><li style=\"margin-left: 50px;\">Poor battery life.</li></ul>', 1, '2018-09-01 09:01:21', '2018-12-03 16:48:18'),
(5, 'Broken', 'broken', '<p><br><br></p><h4 style=\"font-family: &quot;Helvetica Neue&quot;, Roboto, Arial, &quot;Droid Sans&quot;, sans-serif; color: rgb(0, 0, 0);\">If <b>ANY </b>of the following are true:</h4><table><tbody><tr><td><ul><li style=\"margin-left: 50px;\">Does not recognize a SIM card.</li><li style=\"margin-left: 50px;\">Does not connect to Wi-Fi.</li><li style=\"margin-left: 50px;\">Unable to make phone calls.</li><li style=\"margin-left: 50px;\">Non-working fingerprint sensor.</li><li style=\"margin-left: 50px;\">Non-working touchscreen.</li></ul></td><td><ul><li style=\"margin-left: 125px;\">Bad LCD (damage, burns, or no display).</li><li style=\"margin-left: 125px;\">Bent frame.</li><li style=\"margin-left: 125px;\">Passcode lock.</li><li style=\"margin-left: 125px;\">Water damage.</li><li style=\"margin-left: 125px;\">The phone does not power on</li></ul></td></tr></tbody></table>', 1, '2018-09-01 09:01:43', '2018-12-03 16:45:29'),
(7, 'Testing Condition', 'testing-condition', '<p>Testing Condition Description<br></p>', 1, '2018-11-24 04:18:28', NULL);

-- --------------------------------------------------------

--
-- Table structure for table `contact`
--

CREATE TABLE `contact` (
  `id` int(11) NOT NULL,
  `full_name` text NOT NULL,
  `email` text NOT NULL,
  `subject` text NOT NULL,
  `message` text NOT NULL,
  `status` int(1) NOT NULL DEFAULT 0,
  `created_at` datetime NOT NULL
) ENGINE=MyISAM DEFAULT CHARSET=latin1;

--
-- Dumping data for table `contact`
--

INSERT INTO `contact` (`id`, `full_name`, `email`, `subject`, `message`, `status`, `created_at`) VALUES
(1, 'QMerchant', 'test@yopmail.com', 'QMerchant', 'QMerchant', 0, '2018-10-05 07:00:34'),
(16, 'john', 'john@yokmail.com', 'ffff', 'fffffffffffffffffffffffffffffffffff', 0, '2018-11-06 22:57:35'),
(24, 'Celi De Rosas', 'ocsupplystore@gmail.com', 'help', 'test', 0, '2018-11-07 12:03:59'),
(27, 'john', 'john@yokmail.com', 'dddddddd', 'ddddddddddddddddd', 0, '2018-11-23 05:16:40'),
(28, 'ad', 'sdsad@ds.com', 'dsad', 'dasdas', 0, '2018-11-24 04:19:23');

-- --------------------------------------------------------

--
-- Table structure for table `faqs`
--

CREATE TABLE `faqs` (
  `id` int(11) NOT NULL,
  `tag` enum('quotes-orders','iphones-ipads','shipping') NOT NULL,
  `question` text NOT NULL,
  `answer` text NOT NULL,
  `status` int(1) NOT NULL DEFAULT 1,
  `created_at` datetime NOT NULL,
  `updated_at` datetime DEFAULT NULL
) ENGINE=InnoDB DEFAULT CHARSET=latin1;

--
-- Dumping data for table `faqs`
--

INSERT INTO `faqs` (`id`, `tag`, `question`, `answer`, `status`, `created_at`, `updated_at`) VALUES
(1, 'quotes-orders', 'How do I get a quote? ', 'Click on the green button on the Home page that says, \"Get your offer\" or you may click on the green button near the top right corner of this website where it says \"Request a quote\".', 1, '2018-10-05 01:17:40', '2018-11-22 04:55:08'),
(2, 'quotes-orders', 'What if I\'m unsure about the condition of my device?', 'Select a condition that you feel is most accurate. During the quote process when you select the condition you will see a description of that condition. Once we receive your device(s), we will evaluate it and adjust the offer accordingly. Please note that the final offer price could end up being higher or lower. If it’s lower, we will email you about the adjustment and you have 3 days to accept the offer.', 1, '2018-10-05 01:30:35', NULL),
(3, 'quotes-orders', 'How long does the quoted price last?', 'We will honor our quoted price for 14 days after the order is placed. Past this date your device will be subject to a re-quote.', 1, '2018-10-05 01:30:57', NULL),
(4, 'quotes-orders', 'What if I have more than 1 device to sell?', 'No worries, just click on \"Add to cart and add another device\" during checkout. For bulk sales please email us with your name, phone number, email, model of devices and we will get back to you within 1 business day.', 1, '2018-10-05 01:31:14', NULL),
(5, 'quotes-orders', 'Am I obligated to sell if I get a quote?', 'No, you may contact us at any time via email, text message or FB chat and we can cancel or send back your device.', 1, '2018-10-05 01:31:30', '2018-10-05 01:33:12'),
(6, 'quotes-orders', 'How do I get paid?', 'We currently have 3 options for payment. During checkout, you may select a (1) E-Check via email (print at home, endorse the back and deposit as normal). (2) Mailed check - usually takes 3-5 business days to arrive after payment has been issued. (3) Paypal - receive funds directly to your account. (This is usually the fastest method)', 1, '2018-10-05 01:31:45', '2018-10-05 01:32:29'),
(7, 'quotes-orders', 'When do I get paid?', 'We issue payment within 1 business day of receiving your device(s)', 1, '2018-10-05 01:35:52', '2018-11-24 05:38:22'),
(8, 'iphones-ipads', 'Where can I find my iPhone or iPad Model?', '<div>The first option is to use the iPhone’s distinct serial number. Each iPhone model has a set of unique serial numbers given to separate it from every other model. In order to find this serial number, here are a few simple steps you can follow.</div><div><br></div><div>If your iPhone is fully functional: Go into Settings &gt; General &gt; About &gt; scroll down to Serial Number. Type the serial number listed into Google to determine your type of device.</div><div><br></div><div>If the device is not fully functional: On the back of every iPhone, there is a section that says “Model” followed by the letter “A” with 4 consecutive numbers.</div><div><br></div><div>Here is a quick list of the model numbers:</div><div><br></div><div>A1732 – iPhone SE (Sprint)</div><div>A1662 – iPhone SE (ATT, T-Mobile, VERIZON)</div><div>A1634 – iPhone 6S+ (All Carriers)</div><div>A1633 – iPhone 6S (All Carriers)</div><div>A1524 – iPhone 6 Plus (Sprint)</div><div>A1522 – iPhone 6 Plus (ATT, T-Mobile, Verizon)</div><div>A1586 – iPhone 6 (Sprint)</div><div>A1549 – iPhone 6 (ATT, Verizon, T-Mobile)</div><div>A1533, A1457, A1530 – iPhone 5S (ATT, T-Mobile)</div><div>A1533, A1453 – iPhone 5S (Verizon, Sprint)</div><div>A1532, A1507, A1529 – iPhone 5C (ATT. T-Mobile)</div><div>A1532, A1456 – iPhone 5C (Verizon, Sprint)</div><div>A1428 – iPhone 5 (AT&amp;T, T-Mobile)</div><div>A1429 – iPhone 5 (Verizon, Sprint)</div><div>A1387 – iPhone 4S (All Carriers)</div><div>A1349 – iPhone 4 (Verizon, Sprint)</div><div>A1332 – iPhone 4 (ATT, T-Mobile)</div>', 1, '2018-10-05 01:36:10', '2018-10-05 03:33:07'),
(9, 'iphones-ipads', 'How do I find the GB or storage size of my device? ', '<div>On your device, tap Settings &gt; General &gt; About &gt; Capacity</div><div><br></div><div>The Capacity number will not be the exact amount of storage as each device comes standard with some apps already on the device.</div><div><br></div><div>Example: A capacity of 55.4GB means it is a 64GB device.</div>', 1, '2018-10-05 01:39:06', '2018-10-05 03:33:51'),
(10, 'iphones-ipads', 'What do I do with my Sim card?', 'We do not need your SIM card however, we do ask that you remove it prior to shipping. If for any case you forget to remove it don\'t worry, we will dispose of it during our inspection of the device.', 1, '2018-10-05 01:39:34', NULL),
(11, 'iphones-ipads', 'Do I need to clear the data on my iPhone or iPad?', 'Yes, please fully erase your device before sending it in. To erase all data, do the following:\r\nGo to Setting > General > Reset > Erase all content and settings.', 1, '2018-10-05 01:40:00', NULL),
(12, 'iphones-ipads', 'How do I remove my iCloud account?', '<div>1. Sign in to icloud.com/#find with your Apple ID (the one you use with iCloud). If you’re using another iCloud app, click the app’s name at the top of the iCloud.com window, then click “Find My iPhone”.</div><div><br></div><div>2. Click All Devices, then select the device.</div><div><br></div><div>3. Click “Erase Device”, then enter your Apple ID password. Because the device is not lost, do not enter a phone number or message. If the device is offline, the remote erase begins the next time it’s online. You will receive an email when the device is erased.</div><div><br></div><div>4. When the device is erased, click “Remove from Account.”</div><div><br></div><div>If you have trouble removing your iCloud due to damaged or broken phone please call or email us at <a href=\"mailto:support@ocbuyback.com\">support@ocbuyback.com</a></div>', 1, '2018-10-05 01:40:32', '2018-10-05 03:37:53'),
(13, 'shipping', '\r\n\r\nWhat are my shipping options?', 'Shipping is free! You have 2 options to select during checkout. 1. Prepaid shipping label via email. Simply print the label and put it on a box or padded envolope (This is the fastest way for us to receive your device). 2. Shipping kit - we will send you a box, prepaid label and necessary items to ship your device (This option does take the longest)', 1, '2018-10-05 01:45:41', NULL),
(14, 'shipping', 'Where can I drop off my device?', 'We are located at 126 Viking Ave Brea, CA 92821, Monday-Friday 9am-5pm (PT) You may drop off at this location.', 1, '2018-10-05 01:46:01', '2018-10-05 01:46:28'),
(15, 'shipping', 'How can I see the status of my order?', 'You may track your order by clicking on \"Track your order\" near the bottom of our website. All of our shipping labels come with a tracking number that can be tracked on USPS. \r\nIf you have any further questions you may contact us via text message (657) 286-8274 or email <a href=\"mailto:support@ocbuyback.com\">support@ocbuyback.com</a>.', 1, '2018-10-05 01:46:15', '2018-10-05 03:39:29'),
(16, 'shipping', 'Do I send a charger and/or accessories with my device?', 'No, we only need phone or iPad. Please note that we will discard any accessories you forget to take off.', 1, '2018-10-05 01:47:02', NULL),
(17, 'shipping', 'What if my package weighs more than the weight shown on the shipping label?', 'No problem. USPS will charge us the difference in weight.', 1, '2018-10-05 01:47:18', NULL),
(18, 'shipping', 'What if my device is damaged during shipping?', 'It is your responsibility to make sure that your device(s) are fully secure when you ship it. If a package is received and looks to have been damaged due to mishandling, we return the package without opening it. However, if the box is secure and does not look as though anything happened during transit and the item inside was not secure, we will offer you an amount based off the condition we receive the phone in.', 1, '2018-10-05 01:47:33', NULL),
(19, 'shipping', 'Does my package come with insurance?', 'No, if you require insurance you will need to purchase your own shipping directly from USPS. Please note that OCBuyBack will not be held liable for any damages incurred due to inadequate packaging.', 1, '2018-10-05 01:47:49', '2018-10-05 01:48:04'),
(25, 'quotes-orders', 'check', '<p>check</p>', 1, '2018-11-24 01:59:57', NULL);

-- --------------------------------------------------------

--
-- Table structure for table `models`
--

CREATE TABLE `models` (
  `id` int(11) NOT NULL,
  `category_id` int(11) NOT NULL,
  `title` varchar(255) NOT NULL,
  `slug` varchar(255) NOT NULL,
  `image` text NOT NULL,
  `status` int(1) NOT NULL DEFAULT 1,
  `created_at` datetime NOT NULL,
  `updated_at` datetime DEFAULT NULL
) ENGINE=InnoDB DEFAULT CHARSET=latin1;

--
-- Dumping data for table `models`
--

INSERT INTO `models` (`id`, `category_id`, `title`, `slug`, `image`, `status`, `created_at`, `updated_at`) VALUES
(19, 1, 'iPhone Xs Max', 'iphone-xs-max', '19-iphonexsmax.jpg', 1, '2018-11-21 11:40:46', '2018-11-23 03:40:34'),
(20, 1, 'iPhone Xs', 'iphone-xs', '20-iphonexs.jpg', 1, '2018-11-21 11:49:03', NULL),
(24, 1, 'iPhone XR', 'iphone-xr', '24-iphonexr.jpg', 1, '2018-11-21 12:10:39', NULL),
(25, 1, 'iPhone X', 'iphone-x', '25-iphonex.jpg', 1, '2018-11-21 12:11:54', NULL),
(26, 1, 'iPhone 8 plus', 'iphone-8-plus', '26-iphone8plus.jpg', 1, '2018-11-21 12:14:37', NULL),
(27, 1, 'iPhone 8', 'iphone-8', '27-iphone8.jpg', 1, '2018-11-21 12:16:06', NULL),
(28, 1, 'iPhone 7 Plus ', 'iphone-7-plus', '28-iphone7plus.jpg', 1, '2018-11-21 12:17:39', NULL),
(29, 1, 'iPhone 7', 'iphone-7', '29-iphone7.jpg', 1, '2018-11-21 12:20:54', NULL),
(30, 1, 'iPhone 6S Plus ', 'iphone-6s-plus', '30-iphone6splus.jpg', 1, '2018-11-21 12:22:29', NULL),
(31, 1, 'iPhone 6s', 'iphone-6s', '31-iphone6s.jpg', 1, '2018-11-21 12:24:41', NULL),
(32, 1, 'iPhone 6 Plus', 'iphone-6-plus', '32-iphone6plus.jpg', 1, '2018-11-21 12:26:32', NULL),
(33, 1, 'iPhone 6', 'iphone-6', '33-iphone6.jpg', 1, '2018-11-21 12:29:30', NULL),
(34, 1, 'iPhone SE', 'iphone-se', '34-iphonese.jpg', 1, '2018-11-21 12:32:01', NULL),
(35, 1, 'iPhone 5s', 'iphone-5s', '35-iphone5s.jpg', 1, '2018-11-21 12:34:13', NULL),
(36, 1, 'iPhone 5c', 'iphone-5c', '36-iphone5c.jpg', 1, '2018-11-21 12:34:51', NULL),
(37, 2, 'Galaxy Note 9', 'galaxy-note-9', '37-galaxynote9.jpg', 1, '2018-11-21 12:45:56', NULL),
(38, 2, 'Galaxy S9 plus', 'galaxy-s9-plus', '38-galaxys9plus.jpg', 1, '2018-11-21 12:50:02', NULL),
(39, 2, 'Galaxy S9', 'galaxy-s9', '39-galaxys9.jpg', 1, '2018-11-21 12:50:51', NULL),
(40, 2, 'Galaxy Note 8 ', 'galaxy-note-8', '40-galaxynote8.jpg', 1, '2018-11-21 12:53:41', NULL),
(41, 2, 'Galaxy S8 plus', 'galaxy-s8-plus', '41-galaxys8plus.jpg', 1, '2018-11-21 12:54:25', NULL),
(42, 2, 'Galaxy S8', 'galaxy-s8', '42-galaxys8.jpg', 1, '2018-11-21 12:55:50', NULL),
(43, 2, 'Galaxy Note 5', 'galaxy-note-5', '43-galaxynote5.jpg', 1, '2018-11-21 12:58:59', NULL),
(44, 2, 'Galaxy S7 edge', 'galaxy-s7-edge', '44-galaxys7edge.jpg', 1, '2018-11-21 12:59:04', NULL),
(45, 2, 'Galaxy S7', 'galaxy-s7', '45-galaxys7.jpg', 1, '2018-11-21 13:01:30', NULL),
(46, 2, 'Galaxy S6 edge plus', 'galaxy-s6-edge-plus', '46-galaxys6edgeplus.jpg', 1, '2018-11-21 13:02:33', NULL),
(47, 2, 'Galaxy S6 Edge', 'galaxy-s6-edge', '47-galaxys6edge.jpg', 1, '2018-11-21 13:03:37', NULL),
(48, 2, 'Galaxy S6', 'galaxy-s6', '48-galaxys6.jpg', 1, '2018-11-21 13:05:46', '2018-11-21 13:07:22'),
(49, 2, 'Galaxy S5', 'galaxy-s5', '49-galaxys5.jpg', 1, '2018-11-21 13:07:29', NULL),
(50, 2, 'Galaxy Note 4', 'galaxy-note-4', '50-galaxynote4.jpg', 1, '2018-11-21 13:09:18', NULL),
(54, 4, 'Pixel 2 XL', 'pixel-2-xl', '54-pixel2xl.jpg', 1, '2018-11-21 13:18:02', NULL),
(55, 4, 'Pixel 2', 'pixel-2', '55-pixel2.jpg', 1, '2018-11-21 13:20:38', NULL),
(56, 4, 'Pixel XL', 'pixel-xl', '56-pixelxl.jpg', 1, '2018-11-21 13:21:24', NULL),
(57, 4, 'Pixel', 'pixel', '57-pixel.jpg', 1, '2018-11-21 13:23:30', NULL),
(58, 3, 'iPad Pro 12.9 (2nd Gen)', 'ipad-pro-12-9-2nd-gen', '58-ipadpro1292ndgen.jpg', 1, '2018-11-21 13:27:50', NULL),
(59, 3, 'iPad Pro 12.9', 'ipad-pro-12-9', '59-ipadpro129.jpg', 1, '2018-11-21 13:28:31', NULL),
(60, 3, 'iPad Pro 9.7', 'ipad-pro-9-7', '60-ipadpro97.jpg', 1, '2018-11-21 13:35:36', NULL),
(61, 3, 'iPad Pro 10.5', 'ipad-pro-10-5', '61-ipadpro105.jpg', 1, '2018-11-21 13:35:39', NULL),
(62, 3, 'iPad Mini 4', 'ipad-mini-4', '62-ipadmini4.jpg', 1, '2018-11-21 13:38:07', NULL),
(63, 3, 'iPad Mini 2', 'ipad-mini-2', '63-ipadmini2.jpg', 1, '2018-11-21 13:41:30', NULL),
(64, 3, 'iPad Mini ', 'ipad-mini', '64-ipadmini.jpg', 1, '2018-11-21 13:41:49', NULL),
(65, 3, 'iPad Mini 3', 'ipad-mini-3', '65-ipadmini3.jpg', 1, '2018-11-21 13:42:44', NULL),
(66, 3, 'iPad Air 2 ', 'ipad-air-2', '66-ipadair2.jpg', 1, '2018-11-21 13:45:29', NULL),
(67, 3, 'iPad Air', 'ipad-air', '67-ipadair.jpg', 1, '2018-11-21 13:45:50', '2018-11-21 13:47:07'),
(68, 3, 'iPad 4', 'ipad-4', '68-ipad4.jpg', 1, '2018-11-21 13:47:06', NULL),
(69, 3, 'iPad 3', 'ipad-3', '69-ipad3.jpg', 1, '2018-11-21 13:48:41', NULL),
(70, 3, 'iPad 2', 'ipad-2', '70-ipad2.jpg', 1, '2018-11-21 13:49:35', NULL),
(71, 5, 'iPod Touch 6th', 'ipod-touch-6th', '71-ipodtouch6th.jpg', 1, '2018-11-21 13:55:18', '2018-11-21 14:11:55'),
(72, 5, 'iPod Touch 5th', 'ipod-touch-5th', '72-ipodtouch5th.jpg', 1, '2018-11-21 14:00:14', NULL),
(73, 5, 'iPod Touch 4th', 'ipod-touch-4th', '73-ipodtouch4th.jpg', 1, '2018-11-21 14:01:51', NULL),
(74, 5, 'iPod Nano 7th', 'ipod-nano-7th', '74-ipodnano7th.jpg', 1, '2018-11-21 14:04:58', NULL),
(75, 5, 'iPod Nano 6th ', 'ipod-nano-6th', '75-ipodnano6th.jpg', 1, '2018-11-21 14:09:57', '2018-11-21 14:11:21'),
(76, 5, 'iPod Nano 5th', 'ipod-nano-5th', '76-ipodnano5th.jpg', 1, '2018-11-21 14:14:01', NULL),
(77, 5, 'iPod Classic 7th ', 'ipod-classic-7th', '77-ipodclassic7th.jpg', 1, '2018-11-21 14:15:53', NULL),
(78, 5, 'iPod Classic 6th ', 'ipod-classic-6th', '78-ipodclassic6th.jpg', 1, '2018-11-21 14:18:20', NULL),
(79, 5, 'iPod Classic 5th ', 'ipod-classic-5th', '79-ipodclassic5th.jpg', 1, '2018-11-21 14:20:32', NULL),
(85, 1, '123', '123', '', 1, '2018-11-23 03:42:46', '2018-11-23 03:45:07'),
(86, 10, 'model1', 'model1', '', 1, '2018-11-23 04:50:01', '2018-11-23 04:55:18'),
(87, 10, 'Motorolla slim', 'motorolla-slim', '', 1, '2018-11-23 04:52:55', NULL),
(88, 11, 'V20', 'v20', '88-v20.jpg', 1, '2018-11-23 17:43:06', NULL),
(89, 11, 'V10', 'v10', '89-v10.jpg', 1, '2018-11-23 17:44:29', NULL),
(90, 1, 'Testing', 'testing', '90-testing.jpg', 1, '2018-11-24 04:16:10', NULL),
(91, 13, 'Model', 'model', '91-model.jpg', 1, '2018-11-24 04:24:03', NULL),
(92, 11, 'G6', 'g6', '92-g6.jpg', 1, '2018-11-24 13:44:40', NULL),
(93, 11, 'G5', 'g5', '93-g5.jpg', 1, '2018-11-24 13:49:04', NULL),
(94, 12, 'Series 1', 'series-1', '94-series1.jpg', 1, '2018-11-24 14:00:27', NULL),
(95, 12, 'Series 2', 'series-2', '95-series2.jpg', 1, '2018-11-24 14:22:06', NULL),
(96, 12, 'Series 3', 'series-3', '96-series3.jpg', 1, '2018-11-24 14:26:13', NULL),
(97, 12, 'Series 4', 'series-4', '97-series4.jpg', 1, '2018-11-24 14:33:40', '2018-11-24 14:57:01'),
(98, 14, 'Surface Pro 4', 'surface-pro-4', '98-surfacepro4.jpg', 1, '2018-11-26 13:09:18', '2018-11-26 13:45:35'),
(99, 14, 'Surface Pro 3', 'surface-pro-3', '99-surfacepro3.jpg', 1, '2018-11-26 13:15:29', '2018-11-26 13:42:03'),
(100, 14, 'Surface Pro 2', 'surface-pro-2', '100-surfacepro2.jpg', 1, '2018-11-26 13:29:38', '2018-11-26 13:43:55'),
(101, 14, 'Surface 3', 'surface-3', '101-surface3.jpg', 1, '2018-11-26 13:33:01', '2018-11-26 13:38:16'),
(102, 14, 'Surface 2', 'surface-2', '102-surface2.jpg', 1, '2018-11-26 13:49:14', NULL),
(103, 15, 'Apple tv 3rd generation ', 'apple-tv-3rd-generation', '103-appletv3rdgeneration.jpg', 1, '2018-11-26 16:22:12', NULL),
(104, 15, 'Apple tv 4th generation', 'apple-tv-4th-generation', '104-appletv4thgeneration.jpg', 1, '2018-11-26 16:32:56', '2018-11-26 16:47:15'),
(105, 15, 'Apple Tv 4K', 'apple-tv-4k', '105-appletv4k.jpg', 1, '2018-11-26 16:34:48', '2018-11-26 16:47:24'),
(106, 16, 'Fusion', 'fusion', '106-fusion.jpg', 1, '2018-11-26 17:00:52', '2018-11-27 12:37:04');

-- --------------------------------------------------------

--
-- Table structure for table `orders`
--

CREATE TABLE `orders` (
  `id` int(11) NOT NULL,
  `order_code` varchar(255) DEFAULT NULL,
  `pay_type` int(1) NOT NULL,
  `email` varchar(255) NOT NULL,
  `paypal_email` varchar(255) NOT NULL,
  `check_type` varchar(16) DEFAULT NULL,
  `first_name` varchar(50) NOT NULL,
  `last_name` varchar(50) NOT NULL,
  `trade_details` varchar(255) NOT NULL,
  `address` varchar(255) NOT NULL,
  `city` varchar(99) NOT NULL,
  `zip` varchar(25) NOT NULL,
  `phone` varchar(16) NOT NULL,
  `amount` float(11,2) NOT NULL,
  `label_url` text DEFAULT NULL,
  `tracking_url` text DEFAULT NULL,
  `status` varchar(25) DEFAULT '',
  `created_at` datetime NOT NULL,
  `updated_at` datetime DEFAULT NULL
) ENGINE=InnoDB DEFAULT CHARSET=latin1;

--
-- Dumping data for table `orders`
--

INSERT INTO `orders` (`id`, `order_code`, `pay_type`, `email`, `paypal_email`, `check_type`, `first_name`, `last_name`, `trade_details`, `address`, `city`, `zip`, `phone`, `amount`, `label_url`, `tracking_url`, `status`, `created_at`, `updated_at`) VALUES
(1, 'oc-98111', 1, 'qmerchant@yopmail.com', '', NULL, 'Q', 'Merchant', 'Local Drop Off (18th Oct 2018 at 12:00 PM)', '5773, North Lincoln Avenue, IL, ', 'Chicago', '60659', '111-111-1111', 140.00, NULL, NULL, 'paid', '2018-10-16 00:13:18', NULL),
(2, 'oc-21452', 1, 'qmerchant@yopmail.com', '', NULL, 'qq', 'qq', 'Shipping Kit with Prepaid Label', '784, Massachusetts Avenue, MA, ', 'Boston', '02118', '111-111-1111', 140.00, NULL, NULL, 'received', '2018-10-26 07:54:38', NULL),
(3, 'oc-11053', 1, 'qmerchant@yopmail.com', '', NULL, 'qq', 'qq', 'Prepaid Label', '765, Madison Avenue, FORT WORTH, ', '76123', 'TX', '817-370-5630', 77.00, NULL, NULL, 'received', '2018-10-27 07:15:00', NULL),
(4, 'oc-68144', 1, 'qmerchant@yopmail.com', '', NULL, 'qq', 'qq', 'Prepaid Label', '5773, Poppy Tree Lane, GA, ', 'Tucker', '30084', '817-370-5630', 140.00, NULL, NULL, 'recycled', '2018-10-27 07:16:12', NULL),
(5, 'oc-38805', 1, 'qmerchant@yopmail.com', '', NULL, 'qq', 'qq', 'Local Drop Off (2nd Nov 2018 at 11:00 AM)', '5773, Poppy Tree Lane, GA, ', 'Tucker', '30084', '817-370-5630', 122.00, NULL, NULL, 'received', '2018-11-01 07:12:32', NULL),
(6, 'oc-74966', 1, 'qmerchant@yopmail.com', '', NULL, 'qq', 'qq', 'Local Drop Off (2nd Nov 2018 at 11:00 AM)', '5773, Poppy Tree Lane, GA, ', 'Tucker', '30084', '817-370-5630', 40.00, NULL, NULL, 'received', '2018-11-01 07:27:25', NULL),
(7, 'oc-78497', 2, 'alexjames@yopmail.com', '', NULL, 'Alex', 'James', 'Shipping Kit with Prepaid Label', '123, 123 Testing, California, ', 'Newyork', '12345', '123-456-7890', 140.00, NULL, NULL, 'returned', '2018-11-05 04:27:06', NULL),
(8, 'oc-17688', 2, 'alexjames@yopmail.com', '', NULL, 'Alex', 'James', 'Shipping Kit with Prepaid Label', '123, 123 Testing, California, ', 'Newyork', '12345', '123-456-7890', 302.00, NULL, NULL, 'paid', '2018-11-05 04:50:15', NULL),
(9, 'oc-82729', 2, 'john@yokmail.com', '', NULL, 'john', 'danail', 'Shipping Kit with Prepaid Label', '123, California Street, CA, ', 'San Francisco', '31000', '777-555-8888', 1820.00, NULL, NULL, 'received', '2018-11-05 05:08:29', NULL),
(10, 'oc-102610', 2, 'john@yokmail.com', '', NULL, 'john', 'danail', 'Shipping Kit with Prepaid Label', '123, California Street, CA, ', 'San Francisco', '31000', '777-555-8888', 140.00, NULL, NULL, '', '2018-11-05 06:30:55', NULL),
(11, 'oc-352911', 1, 'bravo@yopmail.com', '', NULL, 'john', 'bravo', 'Shipping Kit with Prepaid Label', '1234567, daisy street, CA, ', 'USA', '12345', '777-555-8888', 122.00, NULL, NULL, 'paid', '2018-11-05 22:58:35', NULL),
(12, 'oc-684012', 1, 'bravo@yopmail.com', '', NULL, 'john', 'bravo', 'Shipping Kit with Prepaid Label', '1234567, daisy street, CA, ', 'USA', '12345', '777-555-8888', 122.00, NULL, NULL, 'received', '2018-11-05 23:13:22', NULL),
(13, 'oc-775713', 1, 'bravo@yopmail.com', '', NULL, 'john', 'bravo', 'Shipping Kit with Prepaid Label', '1234567, daisy street, CA, ', 'USA', '12345', '777-555-8888', 122.00, NULL, NULL, 'received', '2018-11-05 23:22:54', NULL),
(14, 'oc-700814', 1, 'bravo@yopmail.com', '', NULL, 'john', 'bravo', 'Shipping Kit with Prepaid Label', '1234567, daisy street, CA, ', 'USA', '12345', '777-555-8888', 222.00, NULL, NULL, 'returned', '2018-11-06 00:38:10', NULL),
(15, 'oc-396515', 1, 'qmerchant@yopmail.com', '', NULL, 'qq', 'qq', 'Local Drop Off (8th Nov 2018 at 04:00 PM)', '577, 1st Avenue, NY, ', 'New York', '10016', '111-111-1111', 442.00, NULL, NULL, 'recycled', '2018-11-07 03:46:10', NULL),
(16, 'oc-528716', 1, 'alexkarthik@yopmail.com', '', NULL, 'Alexa', 'Karthik', 'Local Drop Off (8th Nov 2018 at 10:00 AM)', '1234, Massachusetts Avenue, MA, ', 'Cambridge', '12345', '123-456-7890', 244.00, NULL, NULL, 'returned', '2018-11-07 04:06:03', NULL),
(17, 'oc-935717', 1, 'alexkarthik@yopmail.com', '', NULL, 'Alexa', 'Karthik', 'Local Drop Off (8th Nov 2018 at 10:00 AM)', '1234, Massachusetts Avenue, MA, ', 'Cambridge', '12345', '123-456-7890', 222.00, NULL, NULL, 'received', '2018-11-07 04:39:38', NULL),
(18, 'oc-140518', 1, 'alexkarthik@yopmail.com', '', NULL, 'Alexa', 'Karthik', 'Local Drop Off (8th Nov 2018 at 10:00 AM)', '1234, Massachusetts Avenue, MA, ', 'Cambridge', '12345', '123-456-7890', 0.00, NULL, NULL, 'paid', '2018-11-07 04:53:16', NULL),
(19, 'oc-561919', 2, 'cely@ocbuyback.com', '', NULL, 'Araceli', 'De Rosas', 'Prepaid Label', '8, 2560 Associated Rd, CA, ', 'Fullerton', '92835', '714-248-4468', 111.00, NULL, NULL, '', '2018-11-07 11:11:48', NULL),
(20, 'oc-132920', 1, 'cely@ocbuyback.com', '', NULL, 'Araceli', 'De Rosas', 'Shipping Kit with Prepaid Label', '8, 2560 Associated Rd, CA, ', 'Fullerton', '92835', '714-248-4468', 111.00, NULL, NULL, 'received', '2018-11-07 11:35:06', NULL),
(21, 'oc-544421', 2, 'cely@ocbuyback.com', '', NULL, 'Araceli', 'De Rosas', 'Local Drop Off (8th Nov 2018 at 10:00 AM)', '8, 2560 Associated Rd, CA, ', 'Fullerton', '92835', '714-248-4468', 111.00, NULL, NULL, '', '2018-11-07 11:44:41', NULL),
(22, 'oc-945822', 1, 'qmerchant@yopmail.com', '', NULL, 'qq', 'qq', 'Prepaid Label', ', , , ', '', '', '111-111-1111', 140.00, NULL, NULL, '', '2018-11-08 05:29:50', NULL),
(23, 'oc-924123', 1, 'qmerchant@yopmail.com', '', NULL, 'qq', 'qq', 'Local Drop Off (9th Nov 2018 at 05:00 PM)', ', , , ', '', '', '111-111-1111', 222.00, NULL, NULL, '', '2018-11-08 05:50:49', NULL),
(24, 'oc-785124', 1, 'qmerchant@yopmail.com', '', NULL, 'qq', 'qq', 'Local Drop Off (9th Nov 2018 at 05:00 PM)', ', , , ', '', '', '111-111-1111', 800.00, NULL, NULL, '', '2018-11-08 07:41:48', NULL),
(25, 'oc-548425', 1, 'qmerchant@yopmail.com', '', NULL, 'qq', 'qq', 'Prepaid Label', '2560, Associated Road, CA, ', 'Fullerton', '92835', '111-111-1111', 444.00, NULL, NULL, '', '2018-11-08 07:44:05', NULL),
(26, 'oc-683026', 1, 'qmerchant@yopmail.com', '', NULL, 'qq', 'qq', 'Local Drop Off (13th Nov 2018 at 04:00 PM)', ', , , ', '', '', '111-111-1111', 140.00, NULL, NULL, '', '2018-11-12 02:06:46', NULL),
(27, 'oc-577227', 1, 'qmerchant@yopmail.com', '', NULL, 'qq', 'qq', 'Prepaid Label', '575, Madison Avenue, NY, ', 'New York', '10022', '111-111-1111', 140.00, 'https://easypost-files.s3-us-west-2.amazonaws.com/files/postage_label/20181112/e82114065f1e41e7afac9520ee22e4cc.png', 'https://track.easypost.com/djE6dHJrXzVhMjg5YzU5NmU1ZTRmMGFiZjFjMGIyYWY1NjZhNzEz', '', '2018-11-12 02:07:47', NULL),
(28, 'oc-825928', 1, 'marley@gmailcom', '', NULL, 'marley', 'dsouza', 'Shipping Kit with Prepaid Label', '12344567, california, CA, ', 'San Francisco', '12345', '222-888-9999', 140.00, 'https://easypost-files.s3-us-west-2.amazonaws.com/files/postage_label/20181112/ca0904f9dad541d89ad88d23dd5608cf.png', 'https://track.easypost.com/djE6dHJrXzJiMWJlZjY3YzM2YTRhOWU4Njc3NDM0ODZhNjc1N2Ni', '', '2018-11-12 05:21:55', NULL),
(29, 'oc-823529', 1, 'robert@yopmail.com', '', NULL, 'robert', 'bravo', 'Prepaid Label', 'dfffff, ffffffffffffffff, CA, ', 'San Francisco', '12345', '666-777-8888', 122.00, 'https://easypost-files.s3-us-west-2.amazonaws.com/files/postage_label/20181112/5c6bed5f46dc4e549b22caa0992bb604.png', 'https://track.easypost.com/djE6dHJrX2UzOTRkN2U0MTFkYTRhZTRiMWMxNzY1MDJmZmNjYTk5', '', '2018-11-12 05:35:07', NULL),
(30, 'oc-322030', 1, 'robert@yopmail.com', '', NULL, 'robert', 'bravo', 'Prepaid Label', 'dfffff, ffffffffffffffff, CA, ', 'San Francisco', '12345', '666-777-8888', 233.00, 'https://easypost-files.s3-us-west-2.amazonaws.com/files/postage_label/20181112/53295bb292c244468332e564041f32d6.png', 'https://track.easypost.com/djE6dHJrXzE0Y2Y0OWEyNzhiMzQwY2E4OGExYmNiNjQ2MDRjMDMz', '', '2018-11-12 05:37:33', NULL),
(31, 'oc-124831', 1, 'marley@gmailcom', '', NULL, 'marley', 'dsouza', 'Shipping Kit with Prepaid Label', '12344567, california, CA, ', 'San Francisco', '12345', '222-888-9999', 362.00, 'https://easypost-files.s3-us-west-2.amazonaws.com/files/postage_label/20181112/26eff3d6000844ad88c5279e35673977.png', 'https://track.easypost.com/djE6dHJrX2E2MzVhOTg4ZGEwNTRkNTM4OTQyODQzMWFkNTVhZGJm', '', '2018-11-12 05:47:31', NULL),
(32, 'oc-917532', 1, 'marley@gmailcom', '', NULL, 'marley', 'dsouza', 'Shipping Kit with Prepaid Label', '12344567, california, CA, ', 'San Francisco', '12345', '222-888-9999', 122.00, 'https://easypost-files.s3-us-west-2.amazonaws.com/files/postage_label/20181112/88a73760f7c845dbb2be5acb01cb4e64.png', 'https://track.easypost.com/djE6dHJrXzNhMDU1ZWEyY2VjYzQzZDQ5YjEzMjY4NzIzYmM1NjU4', '', '2018-11-12 05:58:12', NULL),
(33, 'oc-886033', 1, 'marley@gmailcom', '', NULL, 'marley', 'dsouza', 'Shipping Kit with Prepaid Label', '12344567, california, CA, ', 'San Francisco', '12345', '222-888-9999', 122.00, 'https://easypost-files.s3-us-west-2.amazonaws.com/files/postage_label/20181112/5743a76ddeb348f0b260e5dfbeaa0c6e.png', 'https://track.easypost.com/djE6dHJrXzc5ZjNlMTRkMDlhZTRhZmE4ZjdjNTk2YTY5YzliNTU4', '', '2018-11-12 06:00:50', NULL),
(34, 'oc-475134', 1, 'robert@yopmail.com', '', NULL, 'robert', 'bravo', 'Prepaid Label', 'dfffff, ffffffffffffffff, CA, ', 'San Francisco', '12345', '666-777-8888', 646.00, 'https://easypost-files.s3-us-west-2.amazonaws.com/files/postage_label/20181112/1c9974828a444df98265f69d45f0e175.png', 'https://track.easypost.com/djE6dHJrXzYyMmEzNmE1ZTU5MTRjYTE4MDczOGE4MzUyNmE2Zjc5', 'received', '2018-11-12 06:16:53', NULL),
(35, 'oc-513635', 1, 'robert@yopmail.com', '', NULL, 'robert', 'bravo', 'Prepaid Label', 'dfffff, ffffffffffffffff, CA, ', 'San Francisco', '12345', '666-777-8888', 111.00, 'https://easypost-files.s3-us-west-2.amazonaws.com/files/postage_label/20181112/27adfd69a0864c3dadbea8af229f92b7.png', 'https://track.easypost.com/djE6dHJrXzg5NTY4MTUzMDQ2ODQxNjJiZmQ0MmI0NDhiN2EwNDM2', '', '2018-11-12 06:33:46', NULL),
(36, 'oc-517336', 1, 'cathysara@yopmail.com', '', NULL, 'Cathy', 'Sara', 'Local Drop Off (14th Nov 2018 at 03:00 PM)', ', , , ', '', '', '123-456-7890', 140.00, NULL, NULL, '', '2018-11-13 04:41:56', NULL),
(37, 'oc-780837', 1, 'alanwalker@yopmail.com', '', NULL, 'Alex', 'Jason', 'Shipping Kit with Prepaid Label', '465, Massachusetts Avenue, MA, ', 'Lexington', '02420', '123-456-7890', 140.00, 'https://easypost-files.s3-us-west-2.amazonaws.com/files/postage_label/20181113/b4db447284ec42a6a8dc22540d6d30f1.png', 'https://track.easypost.com/djE6dHJrXzI5YTBkMWViMTFjZDRjMjZhNDVkYTAyNjJjYzkyODBh', '', '2018-11-13 05:14:16', NULL),
(38, 'oc-420938', 2, 'galeanohenry12@yahoo.com', '', NULL, 'Henry', 'Galeano', 'Local Drop Off (14th Nov 2018 at 10:00 AM)', ', , , ', '', '', '714-770-7883', 140.00, NULL, NULL, '', '2018-11-13 11:54:33', NULL),
(39, 'oc-552439', 2, 'galeanohenry12@yahoo.com', '', NULL, 'Henry', 'Galeano', 'Prepaid Label', '126, Viking Avenue, CA, ', 'Brea', '92821', '714-770-7883', 222.00, 'https://easypost-files.s3-us-west-2.amazonaws.com/files/postage_label/20181113/db012e1355324fa89bc11b126ba9576f.png', 'https://track.easypost.com/djE6dHJrX2IxMmEyYzI1NjlkODRlMWU5ZTEzNmI3YmNmNTRkY2Iw', '', '2018-11-13 11:56:42', NULL),
(40, 'oc-180840', 1, 'cely@ocbuyback.com', '', NULL, 'Araceli', 'De Rosas', 'Local Drop Off (14th Nov 2018 at 9:00 AM)', ', , , ', '', '', '714-248-4468', 111.00, NULL, NULL, '', '2018-11-13 12:40:05', NULL),
(41, 'oc-847541', 2, 'cely714@gmail.com', '', NULL, 'Araceli', 'De Rosas', 'Prepaid Label', '8, Associated Road, CA, ', 'Fullerton', '92835', '714-248-4468', 111.00, 'https://easypost-files.s3-us-west-2.amazonaws.com/files/postage_label/20181113/278778217c2d470fac93526f2152ca32.png', 'https://track.easypost.com/djE6dHJrX2VhOWY4ZTk2YzUzYjQ5NWFhZDExNmU1NjE3NWYwOTEx', '', '2018-11-13 13:00:12', NULL),
(42, 'oc-913742', 1, 'qmerchant@yopmail.com', '', NULL, 'qq', 'qq', 'Prepaid Label', '5773 Apt 657, Poppy Tree Lane, GA, ', 'Tucker', '30084', '817-370-5630', 200.00, 'https://easypost-files.s3-us-west-2.amazonaws.com/files/postage_label/20181114/d301dda146f546ecb0c2af33bf0037e2.png', 'https://track.easypost.com/djE6dHJrXzBlY2ZkMWU0OTMyMjQ1OTRhYjU0MDg2Y2NlYTI0OGI4', '', '2018-11-14 00:57:37', NULL),
(43, 'oc-431943', 1, 'qmerchant@yopmail.com', '', NULL, 'Aaron', 'Rudy', 'Prepaid Label', '5773 APT 567, Poppy Tree Lane, GA, ', 'Tucker', '30084', '801-391-8126', 40.00, 'https://easypost-files.s3-us-west-2.amazonaws.com/files/postage_label/20181114/c94ed6a831ca4eaabbbe295f182c3ec9.png', 'https://track.easypost.com/djE6dHJrX2Y5MTdmMDI5MjAyYzRhZWJiMDI5MGViMGQ1YmU0MDE2', '', '2018-11-14 01:51:16', NULL),
(44, 'oc-363044', 2, 'cely@ocbuyback.com', '', NULL, 'celi', 'De Rosas', 'Prepaid Label', '8, Associated Road, CA, ', 'Fullerton', '92835', '714-248-4468', 0.00, 'https://easypost-files.s3-us-west-2.amazonaws.com/files/postage_label/20181114/9bcc7981c85a47b58d4227f7bc0415b4.png', 'https://track.easypost.com/djE6dHJrXzgwODlkZjZmMGU4ZTRlN2ViY2M4Y2VmYzZkZGFjZDcy', 'received', '2018-11-14 11:46:47', NULL),
(45, 'oc-895045', 1, 'nick.norris@jxcreations.com', '', NULL, 'Nick', 'Norris', 'Prepaid Label', '2301, abc, cc, kk, ', 'Houston', '12345', '111-111-1111', 111.00, NULL, NULL, '', '2018-11-15 06:25:25', NULL),
(46, 'oc-380646', 1, 'qmerchant@yopmail.com', '', NULL, 'qq', 'qq', 'Prepaid Label', '67 Apt 32, Poppy Tree Lane123, GA, ', 'Tucker', '30084', '817-370-5630', 140.00, 'https://easypost-files.s3-us-west-2.amazonaws.com/files/postage_label/20181115/c38680fe5c6a4ec3adfe9b7d3d493c85.png', 'https://track.easypost.com/djE6dHJrXzA2YzQ2NGRhN2E0ZDQ4MWQ5NzJhOGRlZTIwMmVhNGJj', '', '2018-11-15 06:28:10', NULL),
(47, 'oc-441347', 1, 'qmerchant@yopmail.com', '', NULL, 'qq', 'qq', 'Prepaid Label', '2301, qq, qq, NY, ', 'qq', '10016', '817-370-5630', 111.00, 'https://easypost-files.s3-us-west-2.amazonaws.com/files/postage_label/20181115/ba6a9bb5667646a6b5780506d1aa4ecd.png', 'https://track.easypost.com/djE6dHJrXzg1Yzk0NTc0ZWRiZDQzZWM5NWJkNmI4NGI5N2ZmMjM1', '', '2018-11-15 06:29:50', NULL),
(48, 'oc-653548', 1, 'nick.norris@jxcreations.com', '', NULL, 'Nick', 'Norris', 'Prepaid Label', '2301, gfh, kk, ', 'khi', '12345', '111-111-1111', 222.00, NULL, NULL, '', '2018-11-15 06:38:26', NULL),
(49, 'oc-786949', 1, 'qmerchant@yopmail.com', '', NULL, 'qq', 'qq', 'Prepaid Label', '2301, qq, qq, NY, ', 'qq', '10016', '817-370-5630', 222.00, 'https://easypost-files.s3-us-west-2.amazonaws.com/files/postage_label/20181115/22eb489a5b5746cba26acc2d1eca51d4.png', 'https://track.easypost.com/djE6dHJrXzNlZGY0ZDc3YmE5MjQzMzY4NjgzOTllNzViNDk2MTAy', 'received', '2018-11-15 06:40:48', NULL),
(50, 'oc-665250', 1, 'nick.norris@jxcreations.com', '', NULL, 'Nick', 'Norris', 'Prepaid Label', '2301, gfh, kk, ', 'khi', '12345', '111-111-1111', 222.00, NULL, NULL, '', '2018-11-15 06:42:51', NULL),
(51, 'oc-141751', 1, 'nick.norris@jxcreations.com', '', NULL, 'Noman', 'Nadeem', 'Prepaid Label', 'cc, abc, cc, TX, ', 'NY', '12345', '111-111-1111', 222.00, 'https://easypost-files.s3-us-west-2.amazonaws.com/files/postage_label/20181115/b8055e5c75cb4b5f916edd2931bfe741.png', 'https://track.easypost.com/djE6dHJrXzYyN2FkMjVhYmQ5MTRlOTQ4YTNkZjlhZDM2OTc5MWUy', '', '2018-11-15 06:44:30', NULL),
(52, 'oc-706552', 1, 'nick.norris@jxcreations.com', '', NULL, 'Noman', 'Nadeem', 'Prepaid Label', '2301, fdwefwef, NY, ', 'fregtregt', '12345', '111-111-1111', 222.00, 'https://easypost-files.s3-us-west-2.amazonaws.com/files/postage_label/20181115/bc10f13d1c4342c38ef14978b17d5846.png', 'https://track.easypost.com/djE6dHJrXzA1MzllNjVhM2Q1YjQ1ZTY5MjFiMTkwYzJiYTgxNThl', '', '2018-11-15 06:49:24', NULL),
(53, 'oc-455253', 1, 'qirat@fleekbiz.com', '', NULL, 'qq', 'qq', 'Prepaid Label', '9200, 5773 Poppy Tree Lane, Tucker, TX, ', '76123', 'TX', '817-370-5630', 122.00, NULL, NULL, 'received', '2018-11-15 07:07:29', NULL),
(54, 'oc-358654', 1, 'qmerchant@yopmail.com', '', NULL, 'qq', 'qq', 'Prepaid Label', '9200 aijei 33, Poynter Streetdddddd, TX, ', 'Fort Worth', '76123', '817-370-5630', 140.00, 'https://easypost-files.s3-us-west-2.amazonaws.com/files/postage_label/20181115/edc9e68debcf47d7b92a7f5697ca5605.png', 'https://track.easypost.com/djE6dHJrX2UxNjhmYjVmNjU3YjQyMjk5MTAxMTE4MjE5NWQ1MmZk', '', '2018-11-15 07:08:48', NULL),
(55, 'oc-682155', 1, 'qmerchant@yopmail.com', '', NULL, 'qq', 'qq', 'Prepaid Label', '9200 APT 56, Poynter Street 22, TX, ', 'Fort Worth', '76123', '111-111-1111', 140.00, 'https://easypost-files.s3-us-west-2.amazonaws.com/files/postage_label/20181115/1c7adbeb8f65433982d44513163a30be.png', 'https://track.easypost.com/djE6dHJrXzBlZGQ2ZmY4MWZhMzQ3NGM4MzJkYWY1OTExYzg2Yzk5', 'received', '2018-11-15 07:12:10', NULL),
(56, 'oc-555956', 1, 'nick.norris@jxcreations.com', '', NULL, 'Nick', 'Norris', 'Prepaid Label', '2301, abc, cc, IL, ', 'Chicago', '12345', '111-111-1111', 222.00, 'https://easypost-files.s3-us-west-2.amazonaws.com/files/postage_label/20181116/5fd2a4e03f3947b5bd0941e41c99fdbf.png', 'https://track.easypost.com/djE6dHJrXzU5ZTA0ZjlkZDEyYjQwNjk5N2RhMTg5N2ViMmMzOGZm', '', '2018-11-16 00:36:17', NULL),
(57, 'oc-365257', 2, 'cely@ocbuyback.com', '', NULL, 'celi', 'de rosas', 'Prepaid Label', '8, Associated Road, CA, ', 'Fullerton', '92835', '714-248-4468', 111.00, 'https://easypost-files.s3-us-west-2.amazonaws.com/files/postage_label/20181116/33e8e8b8a96944439381ca840960d957.png', 'https://track.easypost.com/djE6dHJrXzQ3OTBhMDE5YTMxOTRjNDQ5NWNhZmYxNGRiYzlhODcw', '', '2018-11-16 10:40:02', NULL),
(58, 'oc-796158', 2, 'cely@ocbuyback.com', '', NULL, 'Cely', 'De Rosas', 'Prepaid Label', '2560 apt 8, Associated Road, CA, ', 'Fullerton', '92835', '714-248-4468', 111.00, 'https://easypost-files.s3-us-west-2.amazonaws.com/files/postage_label/20181116/db4b9bec1d3a4fa2ba5ef526bd0c1255.png', 'https://track.easypost.com/djE6dHJrXzZiZGVhMGM0ZDJjMzQ0N2RiZjlkYzBjOTU3OWFmODMy', 'paid', '2018-11-16 13:04:34', NULL),
(59, 'oc-953159', 1, 'qmerchant@yopmail.com', '', NULL, 'qq', 'qq', 'Prepaid Label', '575 ddd, Madison Avenuedddd, NY, ', 'New York', '10022', '111-111-1111', 111.00, 'https://easypost-files.s3-us-west-2.amazonaws.com/files/postage_label/20181117/58b0a405bd8a4f6cad1cb8f48f679a31.png', 'https://track.easypost.com/djE6dHJrXzFkY2I3YzA1YjI2ZjQxNTM5ZjZmYzE4ODg0MTQwNjEw', 'received', '2018-11-17 06:48:56', NULL),
(60, 'oc-596860', 2, 'cely@ocbuyback.com', '', NULL, 'cely', 'de rosas', 'Prepaid Label', '8, 2560 Associated RD, CA, ', 'Fullerton', '92835', '714-248-4468', 111.00, 'https://easypost-files.s3-us-west-2.amazonaws.com/files/postage_label/20181119/b1f28a1845da48868bb38ef4203244de.png', 'https://track.easypost.com/djE6dHJrX2UxOTk5ODllYzVhODRmNGRiMzE2MGExYTNlMzUyODM3', 'received', '2018-11-19 14:07:08', NULL),
(61, 'oc-115661', 2, 'cely@ocbuyback.com', '', NULL, 'Araceli', 'De Rosas', 'Prepaid Label', '8, 2560 Associated Road, CA, ', 'Fullerton', '92835', '714-248-4468', 580.00, 'https://easypost-files.s3-us-west-2.amazonaws.com/files/postage_label/20181121/4ad8290d5c524df2a303715c151a674f.png', 'https://track.easypost.com/djE6dHJrXzhiOTZmM2VmNGZhYjQwZTM5OGU5ODg1ZmMxNTg1NTY2', 'paid', '2018-11-21 13:37:34', NULL),
(62, 'oc-724262', 1, 'richard@yopmail.com', '', NULL, 'Richard', 'james', 'Shipping Kit with Prepaid Label', '12345, new york, NY, ', 'New York', '2345', '444-555-5777', 280.00, NULL, NULL, '', '2018-11-23 02:47:55', NULL),
(63, 'oc-441863', 1, 'richard@yopmail.com', '', NULL, 'Richard', 'james', 'Shipping Kit with Prepaid Label', '12345, new york, NY, ', 'New York', '2345', '444-555-5777', 580.00, NULL, NULL, 'received', '2018-11-23 02:48:50', NULL),
(64, 'oc-334064', 1, 'richard@yopmail.com', '', NULL, 'Richard', 'james', 'Shipping Kit with Prepaid Label', '12345, new york, NY, ', 'New York', '2345', '444-555-5777', 580.00, NULL, NULL, 'paid', '2018-11-23 03:20:53', NULL),
(65, 'oc-897565', 1, 'richard@yopmail.com', '', NULL, 'Richard', 'james', 'Shipping Kit with Prepaid Label', '12345, new york, NY, ', 'New York', '2345', '444-555-5777', 350.00, NULL, NULL, 'paid', '2018-11-23 04:44:16', NULL),
(66, 'oc-531566', 1, 'richard@yopmail.com', '', NULL, 'Richard', 'james', 'Shipping Kit with Prepaid Label', '123345, Madison Avenue vfdfd, NY, ', 'New York', '10022', '444-555-5777', 580.00, 'https://easypost-files.s3-us-west-2.amazonaws.com/files/postage_label/20181123/33b9037b6b7f4025a86e59f1b2bb1c88.png', 'https://track.easypost.com/djE6dHJrXzU3MzNmMDEzODVlYzRjNzFiYTRkNjVmYmM4YjhmZGYy', '', '2018-11-23 05:19:06', NULL),
(67, 'oc-992467', 1, 'celea@yopmail.com', '', NULL, 'celeia', 'john', 'Prepaid Label', '34, california, IL, ', 'Chicago', '567', '777-555-8888', 580.00, NULL, NULL, '', '2018-11-23 05:33:08', NULL),
(68, 'oc-628768', 1, 'celea@yopmail.com', '', NULL, 'celeia', 'john', 'Prepaid Label', '34, california, IL, ', 'Chicago', '567', '777-555-8888', 580.00, NULL, NULL, 'received', '2018-11-23 05:36:50', NULL),
(69, 'oc-863069', 1, 'richard@yopmail.com', '', NULL, 'Richard', 'james', 'Shipping Kit with Prepaid Label', '123345, Madison Avenue vfdfd, NY, ', 'New York', '10022', '444-555-5777', 580.00, 'https://easypost-files.s3-us-west-2.amazonaws.com/files/postage_label/20181123/462320db8711460181ead0324f21b98c.png', 'https://track.easypost.com/djE6dHJrXzlkNjJhYjFmZDRhMjQzNjU4OTNhMTk2ODIzOTNkZTUz', 'received', '2018-11-23 05:48:59', NULL),
(70, 'oc-932770', 1, 'qirat@fleekbiz.com', '', NULL, 'qq', 'qq', 'Prepaid Label', 'fddsfdsf, Massachusetts Avenue Northwest, www, ', 'Washington', '11111', '801-391-8126', 111.00, NULL, NULL, 'received', '2018-11-24 01:12:18', NULL),
(71, 'oc-894171', 1, 'jx.dev94@gmail.com', '', NULL, 'qq', 'qq', 'Prepaid Label', 'fddsfdsf, Massachusetts Avenue Northwest, www, ', 'Washington', '11111', '801-391-8126', 301.00, NULL, NULL, 'received', '2018-11-24 01:13:53', NULL),
(72, 'oc-967372', 1, 'qmerchant@yopmail.com', '', NULL, 'qq', 'qq', 'Prepaid Label', 'fddsfdsf, Massachusetts Avenue Northwest, www, ', 'Washington', '11111', '801-391-8126', 350.00, NULL, NULL, '', '2018-11-24 02:49:26', NULL),
(73, 'oc-592373', 1, 'qmerchant@yopmail.com', '', NULL, 'qq', 'qq', 'Prepaid Label', 'fddsfdsf, Massachusetts Avenue Northwest, www, ', 'Washington', '11111', '801-391-8126', 100.00, NULL, NULL, '', '2018-11-24 04:29:14', NULL),
(74, 'oc-919474', 1, 'qmerchant@yopmail.com', '', NULL, 'qq', 'qq', 'Prepaid Label', 'fddsfdsf, Massachusetts Avenue Northwest, www, ', 'Washington', '11111', '801-391-8126', 310.00, NULL, NULL, '', '2018-11-24 04:31:12', NULL),
(75, 'oc-793675', 2, 'cely@ocbuyback.com', '', NULL, 'Araceli', 'De Rosas', 'Local Drop Off (30th Nov 2018 at 10:00 AM)', ', , , ', '', '', '714-248-4468', 600.00, NULL, NULL, '', '2018-11-29 13:35:18', NULL),
(76, 'oc-816576', 2, 'support@ocbuyback.com', '', NULL, 'henry', 'galeano', 'Prepaid Label', 'apt 8, 2560 Associated Road, CA, ', 'Fullerton', '92835', '714-248-4468', 580.00, 'https://easypost-files.s3-us-west-2.amazonaws.com/files/postage_label/20190108/cc5fb4cc49de45aea26c03b1f47bd126.png', 'https://track.easypost.com/djE6dHJrX2Y1MzJlOTliMTM4MzRiNjg5YzE3YmQxNjVhNzc3MTlk', '', '2019-01-07 21:06:34', NULL),
(77, 'oc-639577', 2, 'support@ocbuyback.com', '', NULL, 'henry', 'galeano', 'Prepaid Label', 'apt 8, 2560 Associated Road, CA, ', 'Fullerton', '92835', '714-248-4468', 625.00, 'https://easypost-files.s3-us-west-2.amazonaws.com/files/postage_label/20190108/b96613ca637f4c83a0f6c265c0bdeda0.png', 'https://track.easypost.com/djE6dHJrX2E2ZTU1MGYzMTU5NTRkOTVhNzY2ZDU4NTU4OWMyZjhh', 'received', '2019-01-07 21:09:44', NULL),
(78, 'oc-474478', 1, 'qmerchant@yopmail.com', '', NULL, 'Q', 'Merchant', 'Local Drop Off (14th Jan 2019 at 02:00 PM)', ', , , ', '', '', '333-333-3333', 625.00, NULL, NULL, '', '2019-01-11 00:59:26', NULL),
(79, 'oc-113679', 2, 'cely714@gmail.com', '', NULL, 'cely', 'de rosas', 'Prepaid Label', '8, 2560 associated road, CA, ', 'Fullerton', '92835', '714-248-4468', 600.00, 'https://easypost-files.s3-us-west-2.amazonaws.com/files/postage_label/20190116/e8a96110daea4a7ca892a4e95877b537.png', 'https://track.easypost.com/djE6dHJrXzljMjMzZjkyZTYxODQ5YmFiMmZiZGIzYThkMDY4OTY4', '', '2019-01-16 11:23:02', NULL),
(80, 'oc-925480', 2, 'cely@ocbuyback.com', '', NULL, 'Cely', 'De rosas ', 'Local Drop Off (17th Jan 2019 at 04:00 PM)', ', , , ', '', '', '714-248-4468', 600.00, NULL, NULL, '', '2019-01-16 11:56:27', NULL),
(81, 'oc-584581', 3, 'qmerchant@yopmail.com', '', NULL, 'qq', 'qq', 'Prepaid Label', '5773, Poppy Tree Lane, GA, ', 'Tucker', '30084', '817-370-5630', 200.00, NULL, NULL, 'paid', '2019-01-17 02:38:54', NULL),
(82, 'oc-625082', 2, 'galeanohenry12@yahoo.com', '', NULL, 'HENRY', 'GALEANO', 'Prepaid Label', '126, 126 VIKING AVE, CA, ', 'Brea', '92821', '714-770-7883', 350.00, 'https://easypost-files.s3-us-west-2.amazonaws.com/files/postage_label/20190118/5feeb07b945d46179c11c693d3316fba.png', 'https://track.easypost.com/djE6dHJrX2Q3OTg3NGVjOGM5ODQ5MjM4NTdjNThiNjE3OWRjMGE4', '', '2019-01-18 10:55:53', NULL),
(83, 'oc-793483', 3, 'qmerchant@yopmail.com', '', NULL, 'qq', 'qq', 'Local Drop Off (25th Jan 2019 at 05:00 PM)', ', , , ', '', '', '801-391-8777', 600.00, NULL, NULL, '', '2019-01-21 02:00:38', NULL),
(84, 'oc-804484', 2, 'galeanohenry12@yahoo.com', '', NULL, 'Henry', 'Galeano', 'Prepaid Label', '126, Viking Avenue, CA, ', 'Brea', '92821', '714-770-7883', 600.00, NULL, NULL, '', '2019-01-21 10:51:18', NULL),
(85, 'oc-487685', 2, 'galeanohenry12@yahoo.com', '', NULL, 'Henry', 'Galeano', 'Prepaid Label', '126, Viking Avenue, CA, ', 'Brea', '92821', '714-770-7883', 350.00, NULL, NULL, '', '2019-01-21 11:02:35', NULL),
(86, 'oc-962886', 1, 'qmerchant@yopmail.com', '', NULL, 'Q', 'Merchant', 'Prepaid Label', '5773, North Lincoln Avenue, IL, ', 'Chicago', '60659', '111-111-1111', 301.00, 'https://easypost-files.s3-us-west-2.amazonaws.com/files/postage_label/20190124/f43d0736b0f14c1bb354b97a21a1943e.png', 'https://track.easypost.com/djE6dHJrXzNhM2YyOGVhNGU0ZjQ3OWY4YjUzY2Q1ZGYwYmZiMTM3', '', '2019-01-24 06:27:14', NULL),
(87, 'oc-572387', 1, 'nick.norris@jxcreations.com', '', NULL, 'Nick', 'Norris', 'Prepaid Label', '12, abc street, TX, ', 'Houston', '44001', '111-111-1111', 720.00, 'https://easypost-files.s3-us-west-2.amazonaws.com/files/postage_label/20190124/ad45bf7f05a74ce28f5a88970e59f67b.png', 'https://track.easypost.com/djE6dHJrXzA3ZTEwZWM2MGJmYzQzOTJiNDY5YTRkMDg4ZWY4OTg0', '', '2019-01-24 07:08:19', NULL),
(88, 'oc-986788', 2, 'galeanohenry12@yahoo.com', '', NULL, 'Henry', 'Galeano', 'Prepaid Label', 'Apt 8, 2560 Associated Rd, CA, ', 'Fullerton', '92835', '714-770-7883', 600.00, 'https://easypost-files.s3-us-west-2.amazonaws.com/files/postage_label/20190124/07c2168672da48bd97a8d78da6991d30.png', 'https://track.easypost.com/djE6dHJrX2E3ZTFmNDgyMWU2MTRjZTA4NzdlN2Y2ODE2OWQ3M2I4', '', '2019-01-24 10:15:09', NULL),
(89, 'oc-414889', 2, 'cely@ocbuyback.com', '', NULL, 'Araceli', 'De Rosas', 'Prepaid Label', '8, 2560 associated road, CA, ', 'Fullerton', '92835', '714-248-4468', 600.00, 'https://easypost-files.s3-us-west-2.amazonaws.com/files/postage_label/20190124/d6e04b17dbf54908b1cba427649fd04d.png', 'https://track.easypost.com/djE6dHJrXzZiNmYwNDRmYTM1YzQ2NDU4NDBlNWNiMGNiOGZjMTE5', '', '2019-01-24 11:30:00', NULL),
(90, 'oc-121290', 3, 'cely@ocbuyback.com', '', NULL, 'Araceli', 'De Rosas', 'Prepaid Label', 'apt 8, 2560 Associated Road, CA, ', 'Fullerton', '92835', '714-248-4468', 600.00, 'https://easypost-files.s3-us-west-2.amazonaws.com/files/postage_label/20190124/84be751eab974fa592eff336ee1eab20.png', 'https://track.easypost.com/djE6dHJrX2RhN2IzNjQ5N2M3NTRiZjE4NjNmMjg1Njg5MDE0NDU0', '', '2019-01-24 11:55:10', NULL);

-- --------------------------------------------------------

--
-- Table structure for table `order_details`
--

CREATE TABLE `order_details` (
  `id` int(11) NOT NULL,
  `order_id` int(11) NOT NULL,
  `provider` varchar(255) NOT NULL,
  `device` varchar(255) NOT NULL,
  `condition` varchar(255) NOT NULL,
  `storage` varchar(255) NOT NULL,
  `offer` float(11,2) NOT NULL,
  `quantity` int(11) NOT NULL,
  `subtotal` float(11,2) NOT NULL,
  `action` varchar(255) NOT NULL DEFAULT '' COMMENT 'Passed=1, Failed=2,Requote=3,Seller =4'
) ENGINE=InnoDB DEFAULT CHARSET=latin1;

--
-- Dumping data for table `order_details`
--

INSERT INTO `order_details` (`id`, `order_id`, `provider`, `device`, `condition`, `storage`, `offer`, `quantity`, `subtotal`, `action`) VALUES
(1, 1, 'Sprint', 'iPhone 6S Plus', 'Mint', '32GB', 140.00, 1, 140.00, '3'),
(2, 1, 'Sprint', 'iPhone 6S Plus', 'Mint', '16GB', 140.00, 1, 140.00, '1'),
(3, 3, 'T-Mobile', 'iPhone 6S Plus', 'Mint', '16GB', 77.00, 1, 77.00, '1'),
(4, 4, 'Sprint', 'iPhone 6S Plus', 'Mint', '16GB', 140.00, 1, 140.00, '1'),
(5, 5, 'Sprint', 'iPhone 6S Plus', 'Mint', '16GB', 122.00, 1, 122.00, '1'),
(6, 6, 'Sprint', 'iPhone 6S Plus', 'Mint', '16GB', 40.00, 1, 40.00, '1'),
(7, 7, 'Sprint', 'iPhone 6S Plus', 'Mint', '16GB', 140.00, 1, 140.00, '1'),
(8, 8, 'Sprint', 'iPhone 6S Plus', 'Broken', '16GB', 40.00, 2, 80.00, '1'),
(9, 8, 'Sprint', 'iPhone SE', 'Broken', '256GB', 222.00, 1, 222.00, '2'),
(10, 9, 'Sprint', 'iPhone 6S Plus', 'Good Condition', '16GB', 122.00, 4, 488.00, '1'),
(11, 9, 'T-Mobile', 'Galaxy Note 8', 'Mint', '16GB', 222.00, 6, 1332.00, '1'),
(12, 10, 'Sprint', 'iPhone 6S Plus', 'Mint', '16GB', 140.00, 1, 140.00, ''),
(13, 11, 'Sprint', 'iPhone 6S Plus', 'Good Condition', '16GB', 122.00, 1, 122.00, ''),
(14, 12, 'Sprint', 'iPhone 6S Plus', 'Good Condition', '16GB', 122.00, 1, 122.00, '1'),
(15, 13, 'Sprint', 'iPhone 6S Plus', 'Good Condition', '16GB', 122.00, 1, 122.00, '1'),
(16, 14, 'T-Mobile', 'Galaxy Note 8', 'Mint', '16GB', 222.00, 1, 222.00, ''),
(17, 15, 'Sprint', 'iPhone 6S Plus', 'Mint', '16GB', 140.00, 2, 280.00, ''),
(18, 15, 'Sprint', 'iPhone 6S Plus', 'Broken', '16GB', 40.00, 1, 40.00, ''),
(19, 15, 'Sprint', 'iPhone 6S Plus', 'Good Condition', '16GB', 122.00, 1, 122.00, ''),
(20, 16, 'Sprint', 'iPhone 6S Plus', 'Good Condition', '16GB', 122.00, 2, 244.00, ''),
(21, 17, 'Sprint', 'iPhone SE', 'Broken', '256GB', 222.00, 1, 222.00, '1'),
(22, 18, 'Sprint', 'iPhone 6S Plus', 'Mint', '16GB', 0.00, 1, 0.00, '4'),
(23, 19, 'T-Mobile', 'iPhone 6S Plus', 'Broken', '16GB', 111.00, 1, 111.00, ''),
(24, 20, 'T-Mobile', 'iPhone 6S Plus', 'Broken', '16GB', 111.00, 1, 111.00, '1'),
(25, 21, 'T-Mobile', 'iPhone 6S Plus', 'Broken', '16GB', 111.00, 1, 111.00, ''),
(26, 22, 'Sprint', 'iPhone 6S Plus', 'Mint', '16GB', 140.00, 1, 140.00, ''),
(27, 23, 'T-Mobile', 'Galaxy Note 8', 'Mint', '16GB', 222.00, 1, 222.00, ''),
(28, 24, 'Verizon', 'iPhone 6S Plus', 'Brand New', '16GB', 200.00, 4, 800.00, ''),
(29, 25, 'T-Mobile', 'iPhone 6S Plus', 'Broken', '16GB', 111.00, 4, 444.00, ''),
(30, 26, 'Sprint', 'iPhone 6S Plus', 'Mint', '16GB', 140.00, 1, 140.00, ''),
(31, 27, 'Sprint', 'iPhone 6S Plus', 'Mint', '16GB', 140.00, 1, 140.00, ''),
(32, 28, 'Sprint', 'iPhone 6S Plus', 'Mint', '16GB', 140.00, 1, 140.00, ''),
(33, 29, 'Sprint', 'iPhone 6S Plus', 'Good Condition', '16GB', 122.00, 1, 122.00, ''),
(34, 30, 'T-Mobile', 'iPhone 6S Plus', 'Broken', '16GB', 111.00, 1, 111.00, ''),
(35, 30, 'Sprint', 'iPhone 6S Plus', 'Good Condition', '16GB', 122.00, 1, 122.00, ''),
(36, 31, 'Sprint', 'iPhone 6S Plus', 'Mint', '16GB', 140.00, 1, 140.00, ''),
(37, 31, 'Sprint', 'iPhone SE', 'Broken', '256GB', 222.00, 1, 222.00, ''),
(38, 32, 'Sprint', 'iPhone 6S Plus', 'Good Condition', '16GB', 122.00, 1, 122.00, ''),
(39, 33, 'Sprint', 'iPhone 6S Plus', 'Good Condition', '16GB', 122.00, 1, 122.00, ''),
(40, 34, 'Sprint', 'iPhone 6S Plus', 'Good Condition', '16GB', 122.00, 3, 366.00, ''),
(41, 34, 'Sprint', 'iPhone 6S Plus', 'Mint', '16GB', 140.00, 2, 280.00, ''),
(42, 35, 'Sprint', 'iPhone 6S Plus', 'Minor Damage', '16GB', 111.00, 1, 111.00, ''),
(43, 36, 'Sprint', 'iPhone 6S Plus', 'Mint', '16GB', 140.00, 1, 140.00, ''),
(44, 37, 'Sprint', 'iPhone 6S Plus', 'Mint', '16GB', 140.00, 1, 140.00, ''),
(45, 38, 'Sprint', 'iPhone 6S Plus', 'Mint', '16GB', 140.00, 1, 140.00, ''),
(46, 39, 'T-Mobile', 'Galaxy Note 8', 'Mint', '16GB', 222.00, 1, 222.00, ''),
(47, 40, 'T-Mobile', 'iPhone 6S Plus', 'Broken', '16GB', 111.00, 1, 111.00, ''),
(48, 41, 'T-Mobile', 'iPhone 6S Plus', 'Broken', '16GB', 111.00, 1, 111.00, ''),
(49, 42, 'Verizon', 'iPhone 6S Plus', 'Brand New', '16GB', 200.00, 1, 200.00, ''),
(50, 43, 'Sprint', 'iPhone 6S Plus', 'Broken', '16GB', 40.00, 1, 40.00, ''),
(51, 44, 'T-Mobile', 'iPhone 6S Plus', 'Broken', '16GB', 0.00, 1, 0.00, '3'),
(52, 45, 'T-Mobile', 'iPhone 6S Plus', 'Broken', '16GB', 111.00, 1, 111.00, ''),
(53, 46, 'Sprint', 'iPhone 6S Plus', 'Mint', '16GB', 140.00, 1, 140.00, ''),
(54, 47, 'T-Mobile', 'iPhone 6S Plus', 'Broken', '16GB', 111.00, 1, 111.00, ''),
(55, 48, 'T-Mobile', 'Galaxy Note 8', 'Mint', '16GB', 222.00, 1, 222.00, ''),
(56, 49, 'T-Mobile', 'Galaxy Note 8', 'Mint', '16GB', 222.00, 1, 222.00, '3'),
(57, 50, 'T-Mobile', 'Galaxy Note 8', 'Mint', '16GB', 222.00, 1, 222.00, ''),
(58, 51, 'T-Mobile', 'Galaxy Note 8', 'Mint', '16GB', 222.00, 1, 222.00, ''),
(59, 52, 'T-Mobile', 'Galaxy Note 8', 'Mint', '16GB', 222.00, 1, 222.00, ''),
(60, 53, 'Sprint', 'iPhone 6S Plus', 'Good Condition', '16GB', 122.00, 1, 122.00, '3'),
(61, 54, 'Sprint', 'iPhone 6S Plus', 'Mint', '16GB', 140.00, 1, 140.00, ''),
(62, 55, 'Sprint', 'iPhone 6S Plus', 'Mint', '16GB', 140.00, 1, 140.00, '1'),
(63, 56, 'T-Mobile', 'Galaxy Note 8', 'Mint', '16GB', 222.00, 1, 222.00, ''),
(64, 57, 'T-Mobile', 'iPhone 6S Plus', 'Broken', '16GB', 111.00, 1, 111.00, ''),
(65, 58, 'T-Mobile', 'iPhone 6S Plus', 'Broken', '16GB', 111.00, 1, 111.00, '4'),
(66, 59, 'Sprint', 'iPhone 6S Plus', 'Mint', '16GB', 111.00, 1, 111.00, '1'),
(67, 60, 'T-Mobile', 'iPhone 6S Plus', 'Mint', '16GB', 111.00, 1, 111.00, '1'),
(68, 61, 'T-Mobile', 'iPhone Xs Max', 'Mint', '64GB', 580.00, 1, 580.00, '3'),
(69, 62, 'T-Mobile', 'iPhone 8', 'Mint', '64GB', 280.00, 1, 280.00, ''),
(70, 63, 'T-Mobile', 'iPhone Xs Max', 'Good Condition', '64GB', 580.00, 1, 580.00, ''),
(71, 64, 'T-Mobile', 'iPhone Xs Max', 'Mint', '64GB', 580.00, 1, 580.00, ''),
(72, 65, 'T-Mobile', 'iPhone XR', 'Mint', '64GB', 350.00, 1, 350.00, ''),
(73, 66, 'T-Mobile', 'iPhone Xs Max', 'Mint', '64GB', 580.00, 1, 580.00, ''),
(74, 67, 'T-Mobile', 'iPhone Xs Max', 'Mint', '64GB', 580.00, 1, 580.00, ''),
(75, 68, 'T-Mobile', 'iPhone Xs Max', 'Mint', '64GB', 580.00, 1, 580.00, '1'),
(76, 69, 'T-Mobile', 'iPhone Xs Max', 'Mint', '64GB', 580.00, 1, 580.00, '1'),
(77, 70, 'T-Mobile', 'iPhone 6s', 'Mint', '16GB', 111.00, 1, 111.00, '1'),
(78, 71, 'T-Mobile', 'Galaxy S9', 'Mint', '64GB', 301.00, 1, 301.00, '3'),
(79, 72, 'T-Mobile', 'Galaxy S9 plus', 'Mint', '64GB', 350.00, 1, 350.00, ''),
(80, 73, 'Testing Provider', 'Model', 'Testing Condition', 'Testing Storage', 100.00, 1, 100.00, ''),
(81, 74, 'Cellular', 'iPad Pro 10.5', 'Mint', '64GB', 310.00, 1, 310.00, ''),
(82, 75, 'T-Mobile', 'iPhone Xs Max', 'Mint', '64GB', 600.00, 1, 600.00, ''),
(83, 76, 'T-Mobile', 'iPhone Xs Max', 'Good Condition', '64GB', 580.00, 1, 580.00, ''),
(84, 77, 'T-Mobile', 'iPhone Xs Max', 'Mint', '64GB', 600.00, 1, 600.00, ''),
(85, 77, 'Cellular', 'iPad 2', 'Mint', '16GB', 25.00, 1, 25.00, ''),
(86, 78, 'AT&T', 'iPhone Xs Max', 'Mint', '64GB', 625.00, 1, 625.00, ''),
(87, 79, 'T-Mobile', 'iPhone Xs Max', 'Mint', '64GB', 600.00, 1, 600.00, ''),
(88, 80, 'T-Mobile', 'iPhone Xs Max', 'Mint', '64GB', 600.00, 1, 600.00, ''),
(89, 81, 'AT&T', 'iPhone Xs', 'Damaged', '256GB', 200.00, 1, 200.00, '1'),
(90, 82, 'T-Mobile', 'Galaxy Note 9', 'Mint', '64GB', 350.00, 1, 350.00, ''),
(91, 83, 'T-Mobile', 'iPhone Xs Max', 'Mint', '64GB', 600.00, 1, 600.00, ''),
(92, 84, 'T-Mobile', 'iPhone Xs Max', 'Mint', '64GB', 600.00, 1, 600.00, ''),
(93, 85, 'T-Mobile', 'Galaxy S9 plus', 'Mint', '64GB', 350.00, 1, 350.00, ''),
(94, 86, 'T-Mobile', 'Galaxy S9', 'Mint', '64GB', 301.00, 1, 301.00, ''),
(95, 87, 'Verizon', 'iPhone Xs Max', 'Good Condition', '512GB', 720.00, 1, 720.00, ''),
(96, 88, 'T-Mobile', 'iPhone Xs Max', 'Mint', '64GB', 600.00, 1, 600.00, ''),
(97, 89, 'T-Mobile', 'iPhone Xs Max', 'Mint', '64GB', 600.00, 1, 600.00, ''),
(98, 90, 'T-Mobile', 'iPhone Xs Max', 'Mint', '64GB', 600.00, 1, 600.00, '');

-- --------------------------------------------------------

--
-- Table structure for table `order_requote`
--

CREATE TABLE `order_requote` (
  `id` int(11) NOT NULL,
  `order_detail_id` int(11) NOT NULL,
  `reason` varchar(255) NOT NULL,
  `new_price` varchar(255) DEFAULT NULL,
  `condition_received` varchar(255) DEFAULT NULL,
  `description` text DEFAULT NULL,
  `guid` text DEFAULT NULL,
  `status` int(11) NOT NULL DEFAULT 0 COMMENT '0= Pending, 1 =Accepted , 2 =Rejected',
  `date_added` datetime NOT NULL DEFAULT current_timestamp()
) ENGINE=InnoDB DEFAULT CHARSET=latin1;

--
-- Dumping data for table `order_requote`
--

INSERT INTO `order_requote` (`id`, `order_detail_id`, `reason`, `new_price`, `condition_received`, `description`, `guid`, `status`, `date_added`) VALUES
(1, 3, 'Wrong Condition', NULL, 'Good Condition', 'lm;\'', 'OC425243', 2, '2018-11-01 08:29:56'),
(3, 6, 'Wrong Condition', '40.00', 'Broken', 'lkjh', 'OC787176', 2, '2018-11-02 04:01:09'),
(4, 5, 'Wrong Condition', '122.00', 'Good Condition', 'eee', 'OC539145', 1, '2018-11-02 04:46:48'),
(5, 15, 'Wrong Condition', '40.00', 'Broken', 'gghfffffffffffffffffffff', 'OC5590715', 0, '2018-11-06 00:50:25'),
(6, 22, 'Wrong Condition', NULL, 'Brand New', 'Testing reason description.', 'OC1305022', 1, '2018-11-07 06:06:19'),
(7, 51, 'Wrong Condition', NULL, 'Mint', '', 'OC1935751', 2, '2018-11-14 12:54:34'),
(8, 65, 'Wrong Condition', NULL, 'Mint', '', 'OC3949665', 0, '2018-11-16 14:39:27'),
(9, 56, 'Wrong Condition', NULL, 'Good Condition', 'eee', 'OC5544456', 2, '2018-11-17 07:44:36'),
(10, 66, 'Wrong Condition', '111.00', 'Minor Damage', 'check', 'OC7718266', 1, '2018-11-17 08:02:29'),
(11, 68, 'Wrong Condition', '580.00', 'Good Condition', '', 'OC8345168', 2, '2018-11-21 14:40:22'),
(12, 76, 'Wrong Condition', '580.00', 'Good Condition', 'ttttttttttttttt', 'OC7081076', 1, '2018-11-23 06:57:41'),
(13, 78, 'Wrong Condition', NULL, 'Good Condition', 'sss', 'OC8274178', 0, '2018-12-13 06:17:28'),
(14, 60, 'Wrong Condition', NULL, 'Damaged', 'fdggdgf', 'OC1550760', 0, '2018-12-13 06:22:21');

-- --------------------------------------------------------

--
-- Table structure for table `order_seller_issue`
--

CREATE TABLE `order_seller_issue` (
  `id` int(11) NOT NULL,
  `order_detail_id` int(11) NOT NULL,
  `issue` varchar(255) NOT NULL,
  `device_esn` varchar(255) DEFAULT NULL,
  `guid` text NOT NULL,
  `status` int(11) NOT NULL DEFAULT 0 COMMENT '0=pending, 1=resolved , 2=deviceback ',
  `date_added` datetime NOT NULL DEFAULT current_timestamp()
) ENGINE=InnoDB DEFAULT CHARSET=latin1;

--
-- Dumping data for table `order_seller_issue`
--

INSERT INTO `order_seller_issue` (`id`, `order_detail_id`, `issue`, `device_esn`, `guid`, `status`, `date_added`) VALUES
(1, 3, '3', '', 'OC506863', 1, '2018-11-02 05:33:12'),
(2, 6, '3', '', 'OC511676', 1, '2018-11-05 00:55:40'),
(3, 15, '3', NULL, 'OC4355715', 0, '2018-11-06 00:55:40'),
(4, 22, '3', NULL, 'OC1991122', 0, '2018-11-07 06:22:23'),
(5, 51, '2', NULL, 'OC7705051', 1, '2018-11-14 13:08:32'),
(6, 65, '3', NULL, 'OC8961265', 1, '2018-11-16 14:45:30'),
(7, 68, '2', NULL, 'OC3900968', 1, '2018-11-21 14:43:43');

-- --------------------------------------------------------

--
-- Table structure for table `pricing`
--

CREATE TABLE `pricing` (
  `id` int(11) NOT NULL,
  `category_id` int(11) NOT NULL,
  `condition_id` int(11) NOT NULL,
  `model_id` int(11) NOT NULL,
  `provider_id` int(11) NOT NULL,
  `storage_id` int(11) NOT NULL,
  `price` float(11,2) NOT NULL,
  `status` int(1) NOT NULL DEFAULT 1,
  `created_at` datetime NOT NULL,
  `updated_at` datetime DEFAULT NULL
) ENGINE=InnoDB DEFAULT CHARSET=latin1;

--
-- Dumping data for table `pricing`
--

INSERT INTO `pricing` (`id`, `category_id`, `condition_id`, `model_id`, `provider_id`, `storage_id`, `price`, `status`, `created_at`, `updated_at`) VALUES
(1, 1, 3, 1, 2, 1, 140.00, 1, '2018-09-01 08:48:59', '2018-11-17 07:20:58'),
(2, 1, 2, 1, 1, 1, 140.00, 1, '2018-09-01 08:48:59', '2018-10-05 08:35:59'),
(3, 1, 2, 1, 2, 1, 111.00, 1, '2018-09-01 12:03:00', '2018-11-17 07:17:07'),
(4, 1, 0, 0, 0, 0, 0.00, 1, '2018-09-24 08:07:00', NULL),
(5, 1, 1, 1, 1, 1, 222.00, 1, '2018-09-24 08:09:40', '2018-11-17 07:15:59'),
(6, 1, 3, 1, 1, 1, 122.00, 1, '2018-10-27 01:18:30', NULL),
(7, 1, 4, 1, 1, 1, 111.00, 1, '2018-10-27 01:18:30', NULL),
(8, 2, 2, 4, 2, 1, 222.00, 1, '2018-10-27 01:19:47', NULL),
(9, 1, 1, 1, 2, 1, 200.00, 1, '2018-11-06 14:55:17', '2018-11-17 07:16:54'),
(10, 2, 1, 4, 2, 1, 234.00, 1, '2018-11-17 07:06:50', NULL),
(11, 2, 3, 4, 2, 1, 123.00, 1, '2018-11-17 07:06:50', NULL),
(12, 2, 4, 4, 2, 1, 99.00, 1, '2018-11-17 07:06:50', NULL),
(13, 1, 4, 1, 2, 1, 55.00, 1, '2018-11-17 07:17:46', '2018-11-17 07:21:21'),
(14, 1, 2, 12, 2, 3, 580.00, 1, '2018-11-21 10:31:19', NULL),
(15, 1, 2, 13, 2, 1, 156.00, 1, '2018-11-21 10:39:57', NULL),
(16, 1, 2, 14, 2, 3, 580.00, 1, '2018-11-21 10:52:23', NULL),
(17, 1, 2, 15, 2, 3, 580.00, 1, '2018-11-21 11:01:37', NULL),
(18, 1, 2, 16, 2, 3, 580.00, 1, '2018-11-21 11:02:41', NULL),
(19, 1, 2, 17, 2, 2, 251.00, 1, '2018-11-21 11:07:16', NULL),
(20, 1, 2, 18, 2, 2, 251.00, 1, '2018-11-21 11:34:35', NULL),
(21, 1, 2, 19, 2, 3, 600.00, 1, '2018-11-21 11:41:20', '2018-11-23 16:10:13'),
(22, 1, 2, 20, 2, 3, 490.00, 1, '2018-11-21 11:50:20', '2018-11-23 13:28:55'),
(24, 1, 2, 21, 2, 1, 32.00, 1, '2018-11-21 11:52:54', NULL),
(25, 1, 2, 22, 2, 3, 450.00, 1, '2018-11-21 11:54:29', NULL),
(26, 1, 2, 23, 2, 3, 370.00, 1, '2018-11-21 12:06:19', NULL),
(27, 1, 2, 24, 2, 3, 350.00, 1, '2018-11-21 12:11:08', NULL),
(28, 1, 2, 25, 2, 3, 430.00, 1, '2018-11-21 12:12:45', '2018-11-23 17:07:03'),
(29, 1, 2, 26, 2, 3, 370.00, 1, '2018-11-21 12:15:12', NULL),
(30, 1, 2, 27, 2, 3, 280.00, 1, '2018-11-21 12:16:49', NULL),
(31, 1, 2, 28, 2, 2, 251.00, 1, '2018-11-21 12:18:12', NULL),
(32, 1, 2, 29, 2, 2, 196.00, 1, '2018-11-21 12:21:39', NULL),
(33, 1, 2, 30, 2, 1, 156.00, 1, '2018-11-21 12:23:07', NULL),
(34, 1, 2, 31, 2, 1, 111.00, 1, '2018-11-21 12:25:30', NULL),
(35, 1, 2, 32, 2, 1, 121.00, 1, '2018-11-21 12:27:45', NULL),
(36, 1, 2, 33, 2, 1, 86.00, 1, '2018-11-21 12:30:09', NULL),
(37, 1, 2, 34, 2, 1, 62.00, 1, '2018-11-21 12:32:31', NULL),
(38, 1, 2, 35, 2, 1, 37.00, 1, '2018-11-21 12:34:40', NULL),
(39, 1, 2, 36, 2, 6, 21.00, 1, '2018-11-21 12:36:10', '2018-11-23 12:40:28'),
(40, 1, 3, 19, 2, 3, 580.00, 1, '2018-11-21 12:40:00', NULL),
(41, 2, 2, 37, 2, 3, 350.00, 1, '2018-11-21 12:46:35', NULL),
(42, 2, 2, 38, 2, 3, 350.00, 1, '2018-11-21 12:50:40', NULL),
(43, 2, 2, 39, 2, 3, 301.00, 1, '2018-11-21 12:51:13', NULL),
(44, 2, 2, 40, 2, 3, 284.00, 1, '2018-11-21 12:54:16', NULL),
(45, 2, 2, 41, 2, 3, 241.00, 1, '2018-11-21 12:55:27', NULL),
(46, 2, 2, 42, 2, 3, 217.00, 1, '2018-11-21 12:56:22', NULL),
(47, 2, 2, 43, 2, 2, 121.00, 1, '2018-11-21 12:59:24', NULL),
(48, 2, 2, 44, 2, 2, 143.00, 1, '2018-11-21 13:00:06', NULL),
(49, 2, 2, 45, 2, 2, 121.00, 1, '2018-11-21 13:02:02', NULL),
(50, 2, 2, 46, 2, 2, 121.00, 1, '2018-11-21 13:03:25', NULL),
(51, 2, 2, 47, 2, 2, 101.00, 1, '2018-11-21 13:04:03', NULL),
(52, 2, 2, 48, 2, 2, 89.00, 1, '2018-11-21 13:06:28', NULL),
(53, 2, 2, 49, 2, 1, 48.00, 1, '2018-11-21 13:07:56', NULL),
(54, 2, 2, 50, 2, 1, 80.00, 1, '2018-11-21 13:09:45', NULL),
(58, 4, 2, 54, 5, 3, 247.00, 1, '2018-11-21 13:18:33', NULL),
(59, 4, 2, 55, 5, 3, 220.00, 1, '2018-11-21 13:21:17', NULL),
(60, 4, 2, 56, 5, 2, 125.00, 1, '2018-11-21 13:21:44', NULL),
(61, 4, 2, 57, 5, 2, 109.00, 1, '2018-11-21 13:23:56', NULL),
(62, 3, 2, 58, 8, 3, 390.00, 1, '2018-11-21 13:33:29', NULL),
(63, 3, 2, 59, 8, 3, 250.00, 1, '2018-11-21 13:33:34', NULL),
(64, 3, 2, 61, 8, 3, 310.00, 1, '2018-11-21 13:36:19', NULL),
(65, 3, 2, 60, 8, 2, 210.00, 1, '2018-11-21 13:36:23', NULL),
(66, 3, 2, 62, 8, 1, 150.00, 1, '2018-11-21 13:38:34', NULL),
(67, 3, 2, 65, 8, 1, 101.00, 1, '2018-11-21 13:43:18', NULL),
(68, 3, 2, 63, 8, 1, 71.00, 1, '2018-11-21 13:43:44', NULL),
(69, 3, 2, 64, 8, 1, 33.00, 1, '2018-11-21 13:44:08', NULL),
(70, 3, 2, 66, 8, 1, 115.00, 1, '2018-11-21 13:45:54', NULL),
(71, 3, 2, 67, 8, 1, 86.00, 1, '2018-11-21 13:46:23', NULL),
(72, 3, 2, 68, 8, 1, 64.00, 1, '2018-11-21 13:47:34', NULL),
(73, 3, 2, 69, 8, 1, 47.00, 1, '2018-11-21 13:49:05', NULL),
(74, 3, 2, 70, 8, 1, 25.00, 1, '2018-11-21 13:50:19', NULL),
(75, 5, 2, 71, 0, 1, 48.00, 1, '2018-11-21 13:55:50', NULL),
(76, 5, 2, 71, 7, 1, 48.00, 1, '2018-11-21 13:57:46', NULL),
(77, 5, 2, 72, 7, 1, 42.00, 1, '2018-11-21 14:00:33', NULL),
(78, 5, 2, 73, 7, 6, 12.00, 1, '2018-11-21 14:02:23', NULL),
(79, 5, 2, 74, 7, 1, 33.00, 1, '2018-11-21 14:07:44', NULL),
(80, 5, 2, 75, 7, 6, 20.00, 1, '2018-11-21 14:10:41', '2018-11-21 14:11:01'),
(81, 5, 2, 76, 7, 6, 17.00, 1, '2018-11-21 14:14:29', NULL),
(82, 5, 2, 77, 7, 10, 50.00, 1, '2018-11-21 14:16:49', NULL),
(83, 5, 2, 78, 7, 10, 41.00, 1, '2018-11-21 14:18:44', NULL),
(84, 5, 2, 79, 7, 11, 12.00, 1, '2018-11-21 14:21:16', NULL),
(87, 10, 3, 87, 1, 3, 17.00, 1, '2018-11-23 04:53:39', NULL),
(88, 1, 3, 36, 2, 6, 20.00, 1, '2018-11-23 12:41:08', NULL),
(89, 1, 4, 36, 2, 6, 5.00, 1, '2018-11-23 12:46:28', '2018-11-23 16:19:29'),
(90, 1, 2, 36, 4, 6, 26.00, 1, '2018-11-23 12:47:19', NULL),
(91, 1, 3, 36, 4, 6, 25.00, 1, '2018-11-23 12:47:41', NULL),
(92, 1, 4, 36, 4, 6, 5.00, 1, '2018-11-23 12:48:16', NULL),
(93, 1, 2, 36, 2, 1, 32.00, 1, '2018-11-23 12:49:35', NULL),
(94, 1, 3, 36, 2, 1, 31.00, 1, '2018-11-23 12:50:24', NULL),
(95, 1, 4, 36, 2, 1, 5.00, 1, '2018-11-23 12:51:25', NULL),
(96, 1, 2, 36, 2, 2, 33.00, 1, '2018-11-23 12:52:21', NULL),
(97, 1, 3, 36, 2, 2, 33.00, 1, '2018-11-23 12:52:41', NULL),
(98, 1, 4, 36, 2, 2, 5.00, 1, '2018-11-23 12:53:04', NULL),
(99, 1, 2, 36, 4, 1, 35.00, 1, '2018-11-23 12:54:19', NULL),
(100, 1, 3, 36, 4, 1, 34.00, 1, '2018-11-23 12:54:35', NULL),
(101, 1, 4, 36, 4, 1, 7.00, 1, '2018-11-23 12:55:14', NULL),
(102, 1, 2, 36, 4, 2, 37.00, 1, '2018-11-23 12:55:30', NULL),
(103, 1, 3, 36, 4, 2, 37.00, 1, '2018-11-23 12:56:54', NULL),
(104, 1, 4, 36, 4, 2, 8.00, 1, '2018-11-23 12:57:35', NULL),
(105, 1, 2, 36, 1, 6, 21.00, 1, '2018-11-23 12:58:57', NULL),
(106, 1, 3, 36, 1, 6, 20.00, 1, '2018-11-23 12:59:15', NULL),
(107, 1, 4, 36, 1, 6, 5.00, 1, '2018-11-23 12:59:40', NULL),
(108, 1, 2, 36, 1, 1, 31.00, 1, '2018-11-23 12:59:58', NULL),
(109, 1, 3, 36, 1, 1, 31.00, 1, '2018-11-23 13:00:14', NULL),
(110, 1, 4, 36, 1, 1, 5.00, 1, '2018-11-23 13:00:41', NULL),
(111, 1, 2, 36, 1, 2, 37.00, 1, '2018-11-23 13:01:05', NULL),
(112, 1, 3, 36, 1, 2, 37.00, 1, '2018-11-23 13:01:24', NULL),
(113, 1, 4, 36, 1, 2, 5.00, 1, '2018-11-23 13:01:48', NULL),
(114, 1, 2, 36, 5, 6, 26.00, 1, '2018-11-23 13:02:14', NULL),
(115, 1, 3, 36, 5, 6, 25.00, 1, '2018-11-23 13:02:30', NULL),
(116, 1, 4, 36, 5, 6, 5.00, 1, '2018-11-23 13:03:00', NULL),
(117, 1, 2, 36, 5, 1, 35.00, 1, '2018-11-23 13:03:16', NULL),
(118, 1, 3, 36, 5, 1, 34.00, 1, '2018-11-23 13:03:31', NULL),
(119, 1, 4, 36, 5, 1, 7.00, 1, '2018-11-23 13:03:58', NULL),
(120, 1, 2, 36, 5, 2, 35.00, 1, '2018-11-23 13:04:16', NULL),
(121, 1, 3, 36, 5, 2, 34.00, 1, '2018-11-23 13:04:32', NULL),
(122, 1, 4, 36, 5, 2, 8.00, 1, '2018-11-23 13:04:55', NULL),
(123, 1, 2, 36, 3, 6, 26.00, 1, '2018-11-23 13:05:23', NULL),
(124, 1, 3, 36, 3, 6, 25.00, 1, '2018-11-23 13:05:42', NULL),
(125, 1, 4, 36, 3, 6, 5.00, 1, '2018-11-23 13:06:21', NULL),
(126, 1, 2, 36, 3, 1, 31.00, 1, '2018-11-23 13:06:59', NULL),
(127, 1, 3, 36, 3, 1, 29.00, 1, '2018-11-23 13:07:18', NULL),
(128, 1, 4, 36, 3, 1, 7.00, 1, '2018-11-23 13:07:43', NULL),
(129, 1, 2, 36, 3, 2, 33.00, 1, '2018-11-23 13:07:59', NULL),
(130, 1, 3, 36, 3, 2, 33.00, 1, '2018-11-23 13:08:16', NULL),
(131, 1, 4, 36, 3, 2, 8.00, 1, '2018-11-23 13:08:40', NULL),
(132, 1, 4, 19, 2, 3, 200.00, 1, '2018-11-23 13:12:17', NULL),
(133, 1, 2, 19, 2, 5, 625.00, 1, '2018-11-23 13:12:37', NULL),
(134, 1, 3, 19, 2, 5, 600.00, 1, '2018-11-23 13:12:53', NULL),
(135, 1, 4, 19, 2, 5, 210.00, 1, '2018-11-23 13:13:22', NULL),
(136, 1, 2, 19, 2, 7, 650.00, 1, '2018-11-23 13:13:40', NULL),
(137, 1, 3, 19, 2, 7, 640.00, 1, '2018-11-23 13:13:59', NULL),
(138, 1, 4, 19, 2, 7, 250.00, 1, '2018-11-23 13:14:25', NULL),
(147, 1, 2, 19, 4, 3, 625.00, 1, '2018-11-23 13:18:01', NULL),
(148, 1, 3, 19, 4, 3, 600.00, 1, '2018-11-23 13:18:18', NULL),
(149, 1, 4, 19, 4, 3, 200.00, 1, '2018-11-23 13:18:50', NULL),
(150, 1, 2, 19, 4, 5, 650.00, 1, '2018-11-23 13:19:14', NULL),
(151, 1, 3, 19, 4, 5, 625.00, 1, '2018-11-23 13:19:30', NULL),
(152, 1, 4, 19, 4, 5, 210.00, 1, '2018-11-23 13:19:57', NULL),
(153, 1, 2, 19, 4, 7, 700.00, 1, '2018-11-23 13:20:15', NULL),
(154, 1, 3, 19, 4, 7, 675.00, 1, '2018-11-23 13:20:39', NULL),
(155, 1, 4, 19, 4, 7, 250.00, 1, '2018-11-23 13:21:12', NULL),
(156, 1, 2, 19, 5, 3, 660.00, 1, '2018-11-23 13:21:43', NULL),
(157, 1, 3, 19, 5, 3, 640.00, 1, '2018-11-23 13:22:02', NULL),
(158, 1, 4, 19, 5, 3, 200.00, 1, '2018-11-23 13:22:34', NULL),
(159, 1, 2, 19, 5, 5, 700.00, 1, '2018-11-23 13:22:52', NULL),
(160, 1, 3, 19, 5, 5, 680.00, 1, '2018-11-23 13:23:11', NULL),
(161, 1, 4, 19, 5, 5, 210.00, 1, '2018-11-23 13:23:36', NULL),
(162, 1, 2, 19, 5, 7, 740.00, 1, '2018-11-23 13:23:53', NULL),
(163, 1, 3, 19, 5, 7, 720.00, 1, '2018-11-23 13:24:10', NULL),
(164, 1, 4, 19, 5, 7, 250.00, 1, '2018-11-23 13:24:39', NULL),
(165, 1, 2, 19, 3, 3, 660.00, 1, '2018-11-23 13:24:57', NULL),
(166, 1, 3, 19, 3, 3, 640.00, 1, '2018-11-23 13:25:22', NULL),
(167, 1, 4, 19, 3, 3, 200.00, 1, '2018-11-23 13:25:54', NULL),
(168, 1, 2, 19, 3, 5, 700.00, 1, '2018-11-23 13:26:13', NULL),
(169, 1, 3, 19, 3, 5, 680.00, 1, '2018-11-23 13:26:30', NULL),
(170, 1, 4, 19, 3, 5, 210.00, 1, '2018-11-23 13:26:57', NULL),
(171, 1, 2, 19, 3, 7, 740.00, 1, '2018-11-23 13:27:13', NULL),
(172, 1, 3, 19, 3, 7, 720.00, 1, '2018-11-23 13:27:30', NULL),
(173, 1, 4, 19, 3, 7, 250.00, 1, '2018-11-23 13:27:56', NULL),
(174, 1, 3, 20, 2, 3, 480.00, 1, '2018-11-23 13:29:23', NULL),
(175, 1, 4, 20, 2, 3, 190.00, 1, '2018-11-23 13:30:00', NULL),
(176, 1, 2, 20, 2, 5, 550.00, 1, '2018-11-23 13:30:23', NULL),
(177, 1, 3, 20, 2, 5, 540.00, 1, '2018-11-23 13:30:42', NULL),
(178, 1, 4, 20, 2, 5, 200.00, 1, '2018-11-23 13:31:10', NULL),
(179, 1, 2, 20, 2, 7, 600.00, 1, '2018-11-23 13:31:31', NULL),
(180, 1, 3, 20, 2, 7, 600.00, 1, '2018-11-23 13:31:48', NULL),
(181, 1, 4, 20, 2, 7, 235.00, 1, '2018-11-23 13:32:20', NULL),
(182, 1, 2, 20, 1, 3, 490.00, 1, '2018-11-23 13:32:41', NULL),
(183, 1, 3, 20, 1, 3, 480.00, 1, '2018-11-23 13:32:57', NULL),
(184, 1, 4, 20, 1, 3, 190.00, 1, '2018-11-23 13:35:42', NULL),
(185, 1, 2, 20, 1, 5, 550.00, 1, '2018-11-23 13:36:14', NULL),
(186, 1, 3, 20, 1, 5, 540.00, 1, '2018-11-23 13:36:31', NULL),
(187, 1, 4, 20, 1, 5, 200.00, 1, '2018-11-23 13:37:41', NULL),
(188, 1, 2, 20, 1, 7, 600.00, 1, '2018-11-23 13:38:00', NULL),
(189, 1, 3, 20, 1, 7, 600.00, 1, '2018-11-23 13:38:17', NULL),
(190, 1, 4, 20, 1, 7, 235.00, 1, '2018-11-23 13:38:48', NULL),
(191, 1, 2, 20, 4, 3, 525.00, 1, '2018-11-23 13:41:56', NULL),
(192, 1, 3, 20, 4, 5, 570.00, 1, '2018-11-23 13:42:37', '2018-11-23 13:49:10'),
(193, 1, 2, 20, 4, 5, 570.00, 1, '2018-11-23 13:44:51', NULL),
(194, 1, 4, 20, 4, 5, 200.00, 1, '2018-11-23 14:03:55', NULL),
(195, 1, 5, 20, 4, 5, 90.00, 1, '2018-11-23 14:04:08', NULL),
(196, 1, 2, 20, 4, 7, 620.00, 1, '2018-11-23 14:05:15', NULL),
(197, 1, 3, 20, 4, 7, 610.00, 1, '2018-11-23 14:05:32', NULL),
(198, 1, 4, 20, 4, 7, 235.00, 1, '2018-11-23 14:06:08', NULL),
(200, 1, 2, 20, 5, 3, 575.00, 1, '2018-11-23 14:07:49', NULL),
(201, 1, 3, 20, 5, 3, 550.00, 1, '2018-11-23 14:32:10', NULL),
(202, 1, 4, 20, 5, 3, 190.00, 1, '2018-11-23 14:32:42', NULL),
(203, 1, 5, 20, 5, 3, 90.00, 1, '2018-11-23 14:33:02', NULL),
(204, 1, 5, 20, 5, 5, 90.00, 1, '2018-11-23 15:35:04', NULL),
(205, 1, 2, 20, 5, 7, 675.00, 1, '2018-11-23 15:35:45', NULL),
(206, 1, 3, 20, 5, 7, 650.00, 1, '2018-11-23 15:36:08', NULL),
(207, 1, 4, 20, 5, 5, 200.00, 1, '2018-11-23 15:37:29', NULL),
(208, 1, 4, 20, 5, 7, 235.00, 1, '2018-11-23 15:37:54', NULL),
(209, 1, 2, 20, 3, 3, 575.00, 1, '2018-11-23 15:38:27', NULL),
(210, 1, 3, 20, 3, 3, 550.00, 1, '2018-11-23 15:39:20', NULL),
(211, 1, 4, 20, 3, 3, 190.00, 1, '2018-11-23 15:40:33', NULL),
(212, 1, 5, 20, 3, 3, 90.00, 1, '2018-11-23 15:43:08', NULL),
(213, 1, 2, 20, 3, 5, 625.00, 1, '2018-11-23 15:43:43', NULL),
(214, 1, 3, 20, 3, 5, 600.00, 1, '2018-11-23 15:44:05', NULL),
(215, 1, 4, 20, 3, 5, 90.00, 1, '2018-11-23 15:44:56', NULL),
(216, 1, 2, 20, 3, 7, 675.00, 1, '2018-11-23 15:45:20', NULL),
(217, 1, 3, 20, 3, 7, 660.00, 1, '2018-11-23 15:45:44', NULL),
(218, 1, 4, 20, 3, 7, 235.00, 1, '2018-11-23 15:46:55', NULL),
(219, 1, 5, 20, 3, 7, 90.00, 1, '2018-11-23 15:47:20', NULL),
(220, 1, 3, 24, 2, 3, 350.00, 1, '2018-11-23 15:51:31', NULL),
(221, 1, 4, 24, 2, 3, 220.00, 1, '2018-11-23 15:52:50', NULL),
(222, 1, 5, 24, 2, 3, 150.00, 1, '2018-11-23 15:53:21', NULL),
(223, 1, 2, 24, 2, 4, 400.00, 1, '2018-11-23 15:53:42', NULL),
(224, 1, 3, 24, 2, 4, 400.00, 1, '2018-11-23 15:54:11', NULL),
(225, 2, 0, 0, 0, 0, 0.00, 1, '2018-11-23 15:54:13', NULL),
(226, 1, 4, 24, 2, 4, 245.00, 1, '2018-11-23 15:55:00', NULL),
(227, 1, 5, 24, 2, 4, 150.00, 1, '2018-11-23 15:57:21', NULL),
(228, 1, 2, 24, 2, 5, 450.00, 1, '2018-11-23 15:57:48', NULL),
(229, 1, 3, 24, 2, 5, 0.00, 1, '2018-11-23 16:07:09', NULL),
(230, 1, 4, 24, 2, 5, 270.00, 1, '2018-11-23 16:30:28', NULL),
(231, 1, 5, 24, 2, 5, 150.00, 1, '2018-11-23 16:31:00', NULL),
(232, 1, 2, 24, 1, 3, 350.00, 1, '2018-11-23 16:32:27', NULL),
(233, 1, 3, 24, 1, 3, 350.00, 1, '2018-11-23 16:32:56', NULL),
(234, 1, 4, 24, 1, 3, 220.00, 1, '2018-11-23 16:33:32', NULL),
(235, 1, 2, 24, 1, 4, 400.00, 1, '2018-11-23 16:35:11', NULL),
(236, 1, 3, 24, 1, 4, 400.00, 1, '2018-11-23 16:40:33', NULL),
(237, 1, 2, 24, 1, 5, 450.00, 1, '2018-11-23 16:41:44', NULL),
(238, 1, 3, 24, 1, 5, 450.00, 1, '2018-11-23 16:42:50', NULL),
(239, 1, 4, 24, 1, 5, 270.00, 1, '2018-11-23 16:43:29', NULL),
(240, 1, 5, 24, 1, 5, 150.00, 1, '2018-11-23 16:43:53', NULL),
(241, 1, 2, 24, 4, 3, 370.00, 1, '2018-11-23 16:45:17', NULL),
(242, 1, 3, 24, 4, 3, 370.00, 1, '2018-11-23 16:45:39', NULL),
(243, 1, 4, 24, 4, 3, 270.00, 1, '2018-11-23 16:46:21', NULL),
(244, 1, 5, 24, 4, 3, 150.00, 1, '2018-11-23 16:46:50', NULL),
(245, 1, 2, 24, 4, 4, 420.00, 1, '2018-11-23 16:47:14', NULL),
(246, 1, 3, 24, 4, 4, 420.00, 1, '2018-11-23 16:47:30', NULL),
(247, 1, 4, 24, 4, 4, 295.00, 1, '2018-11-23 16:48:09', NULL),
(248, 1, 5, 24, 4, 4, 150.00, 1, '2018-11-23 16:48:41', NULL),
(249, 1, 2, 24, 4, 5, 470.00, 1, '2018-11-23 16:49:03', NULL),
(250, 1, 3, 24, 4, 5, 470.00, 1, '2018-11-23 16:49:25', NULL),
(251, 1, 4, 24, 4, 5, 320.00, 1, '2018-11-23 16:52:28', NULL),
(252, 1, 5, 24, 4, 5, 150.00, 1, '2018-11-23 16:52:46', NULL),
(253, 1, 2, 24, 5, 3, 400.00, 1, '2018-11-23 16:53:58', NULL),
(254, 1, 3, 24, 5, 3, 400.00, 1, '2018-11-23 16:54:17', NULL),
(255, 1, 4, 24, 5, 3, 320.00, 1, '2018-11-23 16:55:03', NULL),
(256, 1, 5, 24, 5, 3, 150.00, 1, '2018-11-23 16:55:24', NULL),
(257, 1, 2, 24, 5, 4, 450.00, 1, '2018-11-23 16:55:48', NULL),
(258, 1, 3, 24, 3, 4, 450.00, 1, '2018-11-23 16:56:22', NULL),
(259, 1, 4, 24, 5, 4, 345.00, 1, '2018-11-23 16:57:07', NULL),
(260, 1, 5, 24, 5, 4, 150.00, 1, '2018-11-23 16:57:30', NULL),
(261, 1, 2, 24, 5, 5, 500.00, 1, '2018-11-23 16:58:01', NULL),
(262, 1, 3, 24, 5, 5, 500.00, 1, '2018-11-23 16:58:27', NULL),
(263, 1, 4, 24, 5, 5, 370.00, 1, '2018-11-23 16:59:20', NULL),
(264, 1, 5, 24, 5, 5, 150.00, 1, '2018-11-23 16:59:37', NULL),
(265, 1, 2, 24, 3, 3, 400.00, 1, '2018-11-23 17:00:07', NULL),
(266, 1, 3, 24, 3, 3, 400.00, 1, '2018-11-23 17:00:27', NULL),
(267, 1, 4, 24, 3, 3, 320.00, 1, '2018-11-23 17:00:57', NULL),
(268, 1, 5, 24, 3, 3, 150.00, 1, '2018-11-23 17:01:52', NULL),
(269, 1, 2, 24, 3, 4, 450.00, 1, '2018-11-23 17:02:17', NULL),
(270, 1, 4, 24, 3, 4, 345.00, 1, '2018-11-23 17:02:57', NULL),
(271, 1, 5, 24, 3, 4, 150.00, 1, '2018-11-23 17:03:19', NULL),
(272, 1, 2, 24, 3, 5, 500.00, 1, '2018-11-23 17:03:41', NULL),
(273, 1, 3, 24, 3, 5, 500.00, 1, '2018-11-23 17:04:03', NULL),
(274, 1, 4, 24, 3, 5, 370.00, 1, '2018-11-23 17:04:32', NULL),
(275, 1, 5, 24, 3, 5, 150.00, 1, '2018-11-23 17:04:51', NULL),
(276, 1, 3, 25, 2, 3, 420.00, 1, '2018-11-23 17:07:46', NULL),
(277, 1, 4, 25, 2, 3, 195.00, 1, '2018-11-23 17:08:42', NULL),
(278, 1, 5, 25, 2, 3, 80.00, 1, '2018-11-23 17:09:07', NULL),
(279, 1, 2, 25, 2, 5, 470.00, 1, '2018-11-23 17:09:31', NULL),
(280, 1, 3, 25, 2, 5, 460.00, 1, '2018-11-23 17:09:51', NULL),
(281, 1, 4, 25, 2, 5, 200.00, 1, '2018-11-23 17:10:35', NULL),
(282, 1, 2, 25, 1, 3, 420.00, 1, '2018-11-23 17:11:17', NULL),
(283, 1, 3, 25, 1, 3, 411.00, 1, '2018-11-23 17:11:34', NULL),
(284, 1, 4, 25, 1, 3, 195.00, 1, '2018-11-23 17:13:32', NULL),
(285, 1, 5, 25, 1, 3, 80.00, 1, '2018-11-23 17:13:50', NULL),
(286, 1, 2, 25, 1, 5, 470.00, 1, '2018-11-23 17:14:14', NULL),
(287, 1, 3, 25, 1, 5, 460.00, 1, '2018-11-23 17:14:32', NULL),
(288, 1, 4, 25, 1, 5, 200.00, 1, '2018-11-23 17:15:18', NULL),
(289, 1, 5, 25, 1, 5, 80.00, 1, '2018-11-23 17:15:39', NULL),
(290, 1, 2, 25, 4, 3, 480.00, 1, '2018-11-23 17:16:02', NULL),
(291, 1, 3, 25, 4, 3, 471.00, 1, '2018-11-23 17:16:24', NULL),
(292, 1, 4, 25, 4, 3, 225.00, 1, '2018-11-23 17:17:42', NULL),
(293, 1, 5, 25, 4, 3, 80.00, 1, '2018-11-23 17:18:42', NULL),
(294, 1, 2, 25, 4, 5, 502.00, 1, '2018-11-23 17:19:06', NULL),
(295, 1, 3, 25, 4, 5, 492.00, 1, '2018-11-23 17:19:26', NULL),
(296, 1, 4, 25, 4, 5, 255.00, 1, '2018-11-23 17:19:52', NULL),
(297, 1, 5, 25, 4, 5, 80.00, 1, '2018-11-23 17:20:12', NULL),
(298, 1, 2, 25, 5, 3, 510.00, 1, '2018-11-23 17:20:52', NULL),
(299, 1, 3, 25, 5, 3, 500.00, 1, '2018-11-23 17:21:10', NULL),
(300, 1, 4, 25, 5, 3, 245.00, 1, '2018-11-23 17:22:10', NULL),
(301, 1, 5, 25, 5, 3, 80.00, 1, '2018-11-23 17:22:36', NULL),
(302, 1, 2, 25, 5, 5, 530.00, 1, '2018-11-23 17:23:27', NULL),
(303, 1, 4, 25, 5, 5, 275.00, 1, '2018-11-23 17:24:19', NULL),
(304, 1, 5, 25, 5, 5, 80.00, 1, '2018-11-23 17:24:37', NULL),
(305, 1, 2, 25, 3, 3, 510.00, 1, '2018-11-23 17:25:10', NULL),
(306, 1, 3, 25, 3, 3, 500.00, 1, '2018-11-23 17:25:29', NULL),
(307, 1, 4, 25, 3, 3, 220.00, 1, '2018-11-23 17:26:04', NULL),
(308, 1, 5, 25, 3, 3, 80.00, 1, '2018-11-23 17:26:46', NULL),
(309, 1, 2, 25, 3, 5, 530.00, 1, '2018-11-23 17:27:14', NULL),
(310, 1, 3, 25, 3, 5, 515.00, 1, '2018-11-23 17:27:30', NULL),
(311, 1, 4, 25, 3, 5, 275.00, 1, '2018-11-23 17:27:56', NULL),
(312, 1, 5, 25, 3, 5, 80.00, 1, '2018-11-23 17:28:13', NULL),
(313, 1, 5, 25, 2, 5, 80.00, 1, '2018-11-23 17:30:52', NULL),
(314, 1, 3, 26, 2, 3, 420.00, 1, '2018-11-23 17:34:20', NULL),
(315, 11, 2, 88, 2, 3, 83.00, 1, '2018-11-23 17:43:39', NULL),
(316, 11, 2, 89, 2, 2, 61.00, 1, '2018-11-23 17:45:27', NULL),
(317, 1, 7, 90, 14, 14, 200.00, 1, '2018-11-24 04:20:27', NULL),
(318, 13, 7, 91, 14, 14, 100.00, 1, '2018-11-24 04:24:43', NULL),
(319, 11, 2, 92, 2, 2, 126.00, 1, '2018-11-24 13:46:17', NULL),
(320, 11, 2, 93, 2, 2, 62.00, 1, '2018-11-24 13:50:06', NULL),
(321, 12, 2, 94, 15, 15, 55.00, 1, '2018-11-24 14:17:38', NULL),
(322, 12, 2, 95, 15, 15, 110.00, 1, '2018-11-24 14:23:06', NULL),
(323, 12, 2, 96, 15, 15, 110.00, 1, '2018-11-24 14:27:08', NULL),
(324, 12, 2, 97, 15, 17, 225.00, 1, '2018-11-24 14:36:28', NULL),
(325, 1, 3, 36, 3, 3, 56.00, 1, '2018-11-26 07:18:25', NULL),
(326, 1, 2, 27, 1, 1, 13.00, 1, '2018-11-26 07:54:10', NULL),
(327, 1, 2, 27, 1, 2, 67.00, 1, '2018-11-26 07:54:10', NULL),
(328, 1, 3, 27, 1, 2, 54.00, 1, '2018-11-26 07:54:10', NULL),
(329, 14, 2, 98, 7, 4, 260.00, 1, '2018-11-26 13:11:47', NULL),
(330, 14, 2, 99, 7, 3, 175.00, 1, '2018-11-26 13:17:28', NULL),
(331, 14, 2, 100, 7, 3, 100.00, 1, '2018-11-26 13:30:30', NULL),
(332, 14, 2, 101, 7, 3, 110.00, 1, '2018-11-26 13:38:57', NULL),
(333, 14, 2, 102, 7, 2, 75.00, 1, '2018-11-26 13:50:10', NULL),
(334, 15, 2, 103, 7, 19, 15.00, 1, '2018-11-26 16:26:08', NULL),
(335, 15, 2, 104, 7, 2, 50.00, 1, '2018-11-26 16:33:45', NULL),
(336, 15, 2, 105, 7, 2, 70.00, 1, '2018-11-26 16:35:41', NULL),
(337, 16, 3, 106, 6, 19, 100.00, 1, '2018-11-26 17:02:01', '2018-11-27 12:36:39'),
(351, 1, 2, 19, 1, 5, 500.00, 1, '2018-11-27 12:40:25', NULL),
(352, 1, 3, 19, 1, 5, 450.00, 1, '2018-11-27 12:40:25', NULL),
(353, 1, 4, 19, 1, 5, 400.00, 1, '2018-11-27 12:40:25', NULL),
(354, 1, 5, 19, 1, 5, 350.00, 1, '2018-11-27 12:40:25', NULL),
(355, 1, 2, 19, 1, 7, 600.00, 1, '2018-11-27 12:40:25', NULL),
(356, 1, 3, 19, 1, 7, 550.00, 1, '2018-11-27 12:40:25', NULL),
(357, 1, 4, 19, 1, 7, 500.00, 1, '2018-11-27 12:40:25', NULL),
(358, 1, 5, 19, 1, 7, 450.00, 1, '2018-11-27 12:40:25', NULL),
(359, 1, 2, 19, 1, 3, 500.00, 1, '2018-11-30 13:28:27', NULL),
(360, 1, 3, 19, 1, 3, 450.00, 1, '2018-11-30 13:28:27', NULL),
(361, 1, 4, 19, 1, 3, 450.00, 1, '2018-11-30 13:28:27', NULL),
(362, 1, 5, 19, 1, 3, 100.00, 1, '2018-11-30 13:28:27', NULL),
(363, 1, 2, 19, 1, 5, 600.00, 1, '2018-11-30 13:28:27', NULL);

-- --------------------------------------------------------

--
-- Table structure for table `providers`
--

CREATE TABLE `providers` (
  `id` int(11) NOT NULL,
  `title` varchar(255) NOT NULL,
  `slug` varchar(255) NOT NULL,
  `logo` text NOT NULL,
  `status` int(1) NOT NULL DEFAULT 1,
  `created_at` datetime NOT NULL,
  `updated_at` datetime DEFAULT NULL
) ENGINE=InnoDB DEFAULT CHARSET=latin1;

--
-- Dumping data for table `providers`
--

INSERT INTO `providers` (`id`, `title`, `slug`, `logo`, `status`, `created_at`, `updated_at`) VALUES
(1, 'Sprint', 'sprint', '1-sprint.png', 1, '2018-09-01 08:58:24', '2018-09-03 09:19:13'),
(2, 'T-Mobile', 't-mobile', '2-t-mobile.png', 1, '2018-09-01 08:58:42', '2018-09-03 09:19:23'),
(3, 'Factory Unlocked', 'factory-unlocked', '3-factoryunlocked.png', 1, '2018-09-01 08:58:52', '2018-09-03 09:19:29'),
(4, 'AT&T', 'at-t', '4-att.png', 1, '2018-09-01 08:59:02', '2018-09-03 09:19:34'),
(5, 'Verizon', 'verizon', '5-verizon.png', 1, '2018-09-01 08:59:32', '2018-09-03 09:19:40'),
(6, 'Other', 'other', '', 1, '2018-09-01 09:05:50', '2018-09-03 09:19:45'),
(7, 'WiFi', 'wifi', '7-wifi.png', 1, '2018-11-21 13:31:30', NULL),
(8, 'Cellular', 'cellular', '8-cellular.png', 1, '2018-11-21 13:31:59', '2018-11-21 13:32:37'),
(14, 'Testing Provider', 'testing-provider', '14-testingprovider.jpg', 1, '2018-11-24 04:18:51', NULL),
(15, 'aluminum', 'aluminum', '15-aluminum.jpg', 1, '2018-11-24 14:14:31', NULL);

-- --------------------------------------------------------

--
-- Table structure for table `settings`
--

CREATE TABLE `settings` (
  `ID` int(11) NOT NULL,
  `Site_Title` varchar(100) NOT NULL,
  `Admin_Title` varchar(100) NOT NULL,
  `Email` varchar(100) NOT NULL,
  `Address` varchar(255) NOT NULL,
  `Phone` varchar(15) NOT NULL,
  `Website` varchar(50) NOT NULL,
  `Facebook` varchar(50) NOT NULL,
  `Twitter` varchar(50) NOT NULL,
  `Linkedin` varchar(50) NOT NULL,
  `Timezone` varchar(50) NOT NULL,
  `SMTP_Host` varchar(50) NOT NULL,
  `SMTP_Email` varchar(100) NOT NULL,
  `SMTP_Pass` varchar(50) NOT NULL,
  `SMTP_Port` int(4) NOT NULL,
  `LastUpdated` datetime NOT NULL
) ENGINE=InnoDB DEFAULT CHARSET=latin1;

--
-- Dumping data for table `settings`
--

INSERT INTO `settings` (`ID`, `Site_Title`, `Admin_Title`, `Email`, `Address`, `Phone`, `Website`, `Facebook`, `Twitter`, `Linkedin`, `Timezone`, `SMTP_Host`, `SMTP_Email`, `SMTP_Pass`, `SMTP_Port`, `LastUpdated`) VALUES
(1, 'OCBuyBack', 'OCBuyback | Admin', 'support@ocbuyback.com', '126 Viking Ave, Brea, CA, 92821', '657-286-8274', 'www.ocbuyback.com', '', '', '', 'America/Chicago', 'mail.ocbuyback.tk', 'support@ocbuyback.tk', 'Devs@321$', 465, '2017-02-23 11:50:41');

-- --------------------------------------------------------

--
-- Table structure for table `storage`
--

CREATE TABLE `storage` (
  `id` int(11) NOT NULL,
  `title` varchar(255) NOT NULL,
  `slug` varchar(255) NOT NULL,
  `status` int(1) NOT NULL DEFAULT 1,
  `created_at` datetime NOT NULL,
  `updated_at` datetime DEFAULT NULL
) ENGINE=InnoDB DEFAULT CHARSET=latin1;

--
-- Dumping data for table `storage`
--

INSERT INTO `storage` (`id`, `title`, `slug`, `status`, `created_at`, `updated_at`) VALUES
(1, '16GB', '16gb', 1, '2018-08-30 08:49:05', '2018-09-03 09:45:20'),
(2, '32GB', '32gb', 1, '2018-08-30 08:49:13', '2018-09-03 09:45:25'),
(3, '64GB', '64gb', 1, '2018-08-30 08:49:27', '2018-09-03 09:45:30'),
(4, '128GB', '128gb', 1, '2018-08-30 08:49:45', '2018-09-03 09:45:34'),
(5, '256GB', '256gb', 1, '2018-08-30 08:49:52', '2018-09-03 09:45:41'),
(6, '8GB', '8gb', 1, '2018-11-21 12:35:41', NULL),
(7, '512GB', '512gb', 1, '2018-11-21 12:35:48', NULL),
(10, '80GB', '80gb', 1, '2018-11-21 14:16:28', NULL),
(11, '30GB', '30gb', 1, '2018-11-21 14:20:55', NULL),
(14, 'Testing Storage', 'testing-storage', 1, '2018-11-24 04:19:08', NULL),
(15, '38mm', '38mm', 1, '2018-11-24 14:16:03', NULL),
(16, '42mm', '42mm', 1, '2018-11-24 14:16:52', NULL),
(17, '40mm', '40mm', 1, '2018-11-24 14:35:20', NULL),
(18, '44mm', '44mm', 1, '2018-11-24 14:35:35', NULL),
(19, 'NA', 'na', 1, '2018-11-26 16:25:25', NULL);

-- --------------------------------------------------------

--
-- Table structure for table `users`
--

CREATE TABLE `users` (
  `ID` int(11) NOT NULL,
  `user_name` varchar(15) NOT NULL,
  `password` text NOT NULL,
  `email` text DEFAULT NULL,
  `reset_token` varchar(50) DEFAULT NULL
) ENGINE=InnoDB DEFAULT CHARSET=latin1;

--
-- Dumping data for table `users`
--

INSERT INTO `users` (`ID`, `user_name`, `password`, `email`, `reset_token`) VALUES
(1, 'admin', '21232f297a57a5a743894a0e4a801fc3', 'ocbuyback@yopmail.com', '9wxcUf7AMNbQSaKO');

--
-- Indexes for dumped tables
--

--
-- Indexes for table `blogs`
--
ALTER TABLE `blogs`
  ADD PRIMARY KEY (`id`);

--
-- Indexes for table `categories`
--
ALTER TABLE `categories`
  ADD PRIMARY KEY (`id`),
  ADD UNIQUE KEY `slug` (`slug`);

--
-- Indexes for table `conditions`
--
ALTER TABLE `conditions`
  ADD PRIMARY KEY (`id`);

--
-- Indexes for table `contact`
--
ALTER TABLE `contact`
  ADD PRIMARY KEY (`id`);

--
-- Indexes for table `faqs`
--
ALTER TABLE `faqs`
  ADD PRIMARY KEY (`id`);

--
-- Indexes for table `models`
--
ALTER TABLE `models`
  ADD PRIMARY KEY (`id`),
  ADD UNIQUE KEY `slug` (`slug`);

--
-- Indexes for table `orders`
--
ALTER TABLE `orders`
  ADD PRIMARY KEY (`id`);

--
-- Indexes for table `order_details`
--
ALTER TABLE `order_details`
  ADD PRIMARY KEY (`id`);

--
-- Indexes for table `order_requote`
--
ALTER TABLE `order_requote`
  ADD PRIMARY KEY (`id`);

--
-- Indexes for table `order_seller_issue`
--
ALTER TABLE `order_seller_issue`
  ADD PRIMARY KEY (`id`);

--
-- Indexes for table `pricing`
--
ALTER TABLE `pricing`
  ADD PRIMARY KEY (`id`);

--
-- Indexes for table `providers`
--
ALTER TABLE `providers`
  ADD PRIMARY KEY (`id`);

--
-- Indexes for table `settings`
--
ALTER TABLE `settings`
  ADD PRIMARY KEY (`ID`);

--
-- Indexes for table `storage`
--
ALTER TABLE `storage`
  ADD PRIMARY KEY (`id`);

--
-- Indexes for table `users`
--
ALTER TABLE `users`
  ADD PRIMARY KEY (`ID`),
  ADD UNIQUE KEY `UserName` (`user_name`);

--
-- AUTO_INCREMENT for dumped tables
--

--
-- AUTO_INCREMENT for table `blogs`
--
ALTER TABLE `blogs`
  MODIFY `id` int(11) NOT NULL AUTO_INCREMENT, AUTO_INCREMENT=57;

--
-- AUTO_INCREMENT for table `categories`
--
ALTER TABLE `categories`
  MODIFY `id` int(11) NOT NULL AUTO_INCREMENT, AUTO_INCREMENT=17;

--
-- AUTO_INCREMENT for table `conditions`
--
ALTER TABLE `conditions`
  MODIFY `id` int(11) NOT NULL AUTO_INCREMENT, AUTO_INCREMENT=8;

--
-- AUTO_INCREMENT for table `contact`
--
ALTER TABLE `contact`
  MODIFY `id` int(11) NOT NULL AUTO_INCREMENT, AUTO_INCREMENT=29;

--
-- AUTO_INCREMENT for table `faqs`
--
ALTER TABLE `faqs`
  MODIFY `id` int(11) NOT NULL AUTO_INCREMENT, AUTO_INCREMENT=26;

--
-- AUTO_INCREMENT for table `models`
--
ALTER TABLE `models`
  MODIFY `id` int(11) NOT NULL AUTO_INCREMENT, AUTO_INCREMENT=107;

--
-- AUTO_INCREMENT for table `orders`
--
ALTER TABLE `orders`
  MODIFY `id` int(11) NOT NULL AUTO_INCREMENT, AUTO_INCREMENT=91;

--
-- AUTO_INCREMENT for table `order_details`
--
ALTER TABLE `order_details`
  MODIFY `id` int(11) NOT NULL AUTO_INCREMENT, AUTO_INCREMENT=99;

--
-- AUTO_INCREMENT for table `order_requote`
--
ALTER TABLE `order_requote`
  MODIFY `id` int(11) NOT NULL AUTO_INCREMENT, AUTO_INCREMENT=15;

--
-- AUTO_INCREMENT for table `order_seller_issue`
--
ALTER TABLE `order_seller_issue`
  MODIFY `id` int(11) NOT NULL AUTO_INCREMENT, AUTO_INCREMENT=8;

--
-- AUTO_INCREMENT for table `pricing`
--
ALTER TABLE `pricing`
  MODIFY `id` int(11) NOT NULL AUTO_INCREMENT, AUTO_INCREMENT=364;

--
-- AUTO_INCREMENT for table `providers`
--
ALTER TABLE `providers`
  MODIFY `id` int(11) NOT NULL AUTO_INCREMENT, AUTO_INCREMENT=16;

--
-- AUTO_INCREMENT for table `settings`
--
ALTER TABLE `settings`
  MODIFY `ID` int(11) NOT NULL AUTO_INCREMENT, AUTO_INCREMENT=2;

--
-- AUTO_INCREMENT for table `storage`
--
ALTER TABLE `storage`
  MODIFY `id` int(11) NOT NULL AUTO_INCREMENT, AUTO_INCREMENT=20;

--
-- AUTO_INCREMENT for table `users`
--
ALTER TABLE `users`
  MODIFY `ID` int(11) NOT NULL AUTO_INCREMENT, AUTO_INCREMENT=2;
COMMIT;

/*!40101 SET CHARACTER_SET_CLIENT=@OLD_CHARACTER_SET_CLIENT */;
/*!40101 SET CHARACTER_SET_RESULTS=@OLD_CHARACTER_SET_RESULTS */;
/*!40101 SET COLLATION_CONNECTION=@OLD_COLLATION_CONNECTION */;
